timestamp,step,episode,base_pos_x,base_pos_y,base_pos_z,base_vel_x,base_vel_y,base_vel_z,base_ang_vel_x,base_ang_vel_y,base_ang_vel_z,ee1_pos_x,ee1_pos_y,ee1_pos_z,ee2_pos_x,ee2_pos_y,ee2_pos_z,ee3_pos_x,ee3_pos_y,ee3_pos_z,ee4_pos_x,ee4_pos_y,ee4_pos_z,target_x,target_y,target_z,distance_to_target,ee_target_distances,tendon_force_index,tendon_force_middle,tendon_force_ring,tendon_force_thumb,control_linear_x,control_linear_y,control_linear_z,control_angular_x,control_angular_y,control_angular_z,tactile_deformation_spans,tactile_contact_detected,reward,distance_reward,tendon_efficiency_reward,success,memory_used_gb,cpu_percent
1758017570.0329442,1,0,-0.004143036272982481,-0.009608724199661335,0.0965230821171338,-0.5004534760489896,-1.150924411257405,1.241900116858226,0.09865107146970153,-38.627562760374275,-32.16040722383036,0,0,0,0,0,0,0,0,0,0,0,0,0.25,0.15,0.35,0.3928284302670713,0,0.9342884,0.64786196,0.0,0.71142364,-1.0,-1.0,-1.0,-1.0,-0.92982024,-0.010112105,0.0,0,0.20684770620950396,0.14027617074140247,0.1241972941160202,False,6.556844032,0.0
1758017570.1351461,2,0,-0.015638892122791563,-0.04201203907770719,0.11488316142723551,-1.3795027019770898,-3.8883977853655023,2.203209517212205,36.05487042244546,-20.727702104497098,1.079591166825736,0,0,0,0,0,0,0,0,0,0,0,0,0.25,0.15,0.35,0.40337646428547913,0,0.59185284,0.08352956,0.13528645,0.77912295,-1.0,0.34581804,-0.94417286,-0.1659372,1.0,1.0,0.0,0,0.19991064793530097,0.13306968755188575,0.13211484253406525,False,6.556291072,0.0
1758017570.2378752,3,0,-0.12203460369319169,0.028210584591433288,0.06506435067718909,-12.767485388448016,8.426714840296857,-5.97825729000557,19.757166074545736,78.38517415427242,92.91065996514355,0,0,0,0,0,0,0,0,0,0,0,0,0.25,0.15,0.35,0.48418047493235666,0,0.6467673,0.9124812,0.9461336,0.38488233,-0.5214828,-1.0,1.0,0.8182324,-1.0,-1.0,0.0,0,0.10951797463157702,0.08884141303756761,0.1174845242500305,False,6.557036544,0.0
1758017570.3429759,4,0,-0.44810068950776527,0.3160519824833988,0.05731551003101714,-39.12793029774883,34.54096774703586,-0.9298608775406336,-27.600046160714953,84.81084814625834,99.13829598542895,0,0,0,0,0,0,0,0,0,0,0,0,0.25,0.15,0.35,0.774972286114986,0,0.33139297,0.34388524,0.8064671,0.65443677,0.10976956,-0.42446974,-0.6062576,-0.5492296,0.10701818,-0.6395607,0.0,0,0.08521855817212418,0.020757213989632872,0.12596795171499253,False,6.557294592,0.0
1758017570.5639162,5,"{'r': 0.6611145391649332, 'l': 5, 't': 1758017570.3443952}",-0.9165710740484331,0.09621932948291334,-0.019039417837845456,-56.21644614488014,-26.37991836005825,-9.162591344263511,-100.0,92.39613503622154,100.0,0,0,0,0,0,0,0,0,0,0,0,0,0.25,0.15,0.35,1.22473283749799,0,0.78176016,0.67602426,1.0,0.0,0.36895308,0.86137515,1.0,0.6982283,0.4974894,-0.093374096,0.0,0,0.059619652216427094,0.0021904151487276645,0.12234992533922195,False,6.562889728,0.0
1758017570.6656613,6,1,-0.0015393495621862446,-0.00715992952485491,0.0938399602017565,-0.1880110707534412,-0.857069050280634,0.9199254870129504,0.06828529854948862,-28.086583047489732,-30.22996883654355,0,0,0,0,0,0,0,0,0,0,0,0,0.25,0.15,0.35,0.3919046488826878,0,0.0,0.61211246,0.33135095,0.7731703,0.5924429,-0.06695914,1.0,0.78148705,0.62701946,0.8098866,0.0,0,0.22490677186396446,0.14092559197094762,0.1306878697872162,False,6.562455552,0.0
1758017570.767478,7,1,-0.0249931814475208,-0.0007200135906993326,0.09606072471265306,-2.814459826240147,0.7727899120986693,0.266491741307588,-7.811339454963189,-28.67719286720026,-0.2461627271368627,0,0,0,0,0,0,0,0,0,0,0,0,0.25,0.15,0.35,0.4035132313479605,0,1.0,0.49365878,0.36289662,1.0,-0.18169533,0.5588268,0.89613074,0.04074587,1.0,-1.0,0.0,0,0.18546840721746496,0.1329787209071737,0.11786375105381011,False,6.563999744,0.0
1758017570.869133,8,1,-0.07020254338485026,0.011792759228648395,0.0879296973239487,-5.425123432479534,1.5015327383217274,-0.9757232866445236,-14.98650881194611,-55.19680564183103,-0.9266686521498286,0,0,0,0,0,0,0,0,0,0,0,0,0.25,0.15,0.35,0.43624735384466734,0,0.24610376,0.026377916,0.39090532,0.0,1.0,1.0,1.0,1.0,0.924615,0.37368798,0.0,0,0.1821621788964711,0.11290181077282056,0.14253689624369142,False,6.557270016,0.0
1758017570.970712,9,1,0.02686878011246567,-0.06576450382179443,0.130324070176065,11.64855881967791,-9.306871566053138,5.087324742253956,44.2712490871191,28.414484020210004,74.86891137295132,0,0,0,0,0,0,0,0,0,0,0,0,0.25,0.15,0.35,0.380262247063753,0,0.95058167,0.2259644,0.61783594,0.3438767,-0.5814458,-0.50553066,-0.44779864,-0.22549595,0.12924421,-0.92620724,0.0,0,0.19850542252965298,0.14937262808986038,0.1259445896744728,False,6.557270016,0.0
1758017571.0724401,10,1,0.08905667186057155,-0.08459416956873378,0.24990051325057133,7.462547009772705,-2.259559889632722,14.34917316894076,98.04268987965655,35.18611442886288,-86.10782518005303,0,0,0,0,0,0,0,0,0,0,0,0,0.25,0.15,0.35,0.3015909257848097,0,0.04798624,0.0,0.4849415,0.54963535,-0.7334513,0.9422185,0.25304472,-0.03317067,0.2164606,0.25141338,0.0,0,0.3014711377197125,0.2213622832470753,0.13782116442918776,False,6.559305728,0.0
1758017571.1743174,11,1,0.11817021427794407,-0.1002382966188107,0.278719099313766,3.4936250900847017,-1.87729524600923,3.4582303275833572,52.277992621723406,69.99438178213697,-84.51007817976628,0,0,0,0,0,0,0,0,0,0,0,0,0.25,0.15,0.35,0.2916835002204407,0,0.0,0.020696253,0.6722011,0.0,0.002102374,-0.27039438,1.0,-0.7394062,0.42057204,-0.20086879,0.0,0,0.3283491618245708,0.23260407932697402,0.14220490515232087,False,6.559277056,0.0
1758017571.2759678,12,1,0.13374467691029332,-0.08120697494548247,0.27076550565405294,1.8689355158819103,2.283758600799388,-0.9544312391655625,-57.12435881470198,88.58231541795355,71.32909681708486,0,0,0,0,0,0,0,0,0,0,0,0,0.25,0.15,0.35,0.2706475023058424,0,0.0,0.8570158,0.06241995,1.0,0.6370245,-0.25800502,-0.23226301,-0.16899678,1.0,-0.7080991,0.0,0,0.3162820111127621,0.25840232445914807,0.12840634793043137,False,6.561722368,0.0
1758017571.3775556,13,1,0.14509878020612582,-0.16360299323689148,0.25686889230544285,1.3624923954999018,-9.887522194969081,-1.667593601833213,87.13259343200359,15.014472976508092,-44.56323377590088,0,0,0,0,0,0,0,0,0,0,0,0,0.25,0.15,0.35,0.34354694948695974,0,0.44571579,0.9682604,0.54328084,0.49135286,-1.0,-1.0,0.08538742,0.36714453,-0.71320254,-0.46812215,0.0,0,0.23681779375748663,0.17947223773674995,0.12245313942432404,False,6.561722368,0.0
1758017571.4790576,14,1,0.14276282098382687,-0.17008142065883758,0.25168249137799625,-0.2803151066758753,-0.7774112906335309,-0.6223681112935915,100.0,-75.79108340450068,54.33152873579234,0,0,0,0,0,0,0,0,0,0,0,0,0.25,0.15,0.35,0.3515938863461142,0,0.0,0.6750727,0.0,1.0,0.52502877,-1.0,-0.39257774,0.14877449,-1.0,1.0,0.0,0,0.24155073301398788,0.1723945675929789,0.13115543246269226,False,6.56529408,0.0
1758017571.580736,15,1,0.1329301581437637,-0.13418270789013695,0.1639712496770533,-1.1799195408075807,4.307845532244076,-10.525349004113158,-31.574251951391197,43.53074339404525,-100.0,0,0,0,0,0,0,0,0,0,0,0,0,0.25,0.15,0.35,0.359265716820757,0,1.0,0.7052464,0.4835141,0.6880326,1.0,0.92708194,0.6987324,0.21966724,-0.06945125,0.139275,0.0,0,0.21185368636013477,0.16590688460828273,0.11763607710599899,False,6.565453824,50.0
1758017571.6822793,16,1,0.119836542171023,-0.08181730075607278,0.1694124857195588,-1.571233916728882,6.2838488560877,0.6529483251006619,-59.24066316641589,-66.18653629991712,-60.96076297880816,0,0,0,0,0,0,0,0,0,0,0,0,0.25,0.15,0.35,0.32139327466177,0,0.56698424,1.0,0.0,1.0,-0.3716586,-0.054302376,-0.8690904,0.9504154,0.72531325,-1.0,0.0,0,0.2529350707514004,0.20049491917917298,0.12112142801284789,False,6.565715968,0.0
1758017571.783931,17,1,0.1464489228842496,-0.1175261243771438,0.0915581579139217,3.1934856855871914,-4.285058834528523,-9.342519336676451,64.17722546803174,-60.089881681922414,-69.1575198091715,0,0,0,0,0,0,0,0,0,0,0,0,0.25,0.15,0.35,0.3861155766566955,0,0.6477199,0.61502457,0.0,0.18505639,-0.47690165,0.4261875,-0.67510426,-1.0,0.22929181,0.28530264,0.0,0,0.21433323193454865,0.14506434399747967,0.13371224015951155,False,6.56375808,0.0
1758017571.885534,18,1,0.3125959053609676,-0.38381482000950573,0.3260420472277439,19.937637897206162,-31.954643475883426,28.13806671765866,100.0,-21.899573318768777,-70.71936689613591,0,0,0,0,0,0,0,0,0,0,0,0,0.25,0.15,0.35,0.5380060342884435,0,0.28751516,0.0,0.32670182,0.53660345,-0.9480668,-1.0,-0.17568101,0.088533886,-0.59401804,-0.7334905,0.0,0,0.14334776144017694,0.06787889133681775,0.13705326944589613,False,6.568132608,0.0
1758017571.9875116,19,1,0.35669015100612766,-0.37506483262606893,0.31511859494272904,5.291309477419205,1.0499984860124156,-1.3108142742017792,87.18076548957234,-43.18790825495121,-86.63610963056466,0,0,0,0,0,0,0,0,0,0,0,0,0.25,0.15,0.35,0.536928839978932,0,1.0,1.0,0.6927162,0.3405758,-1.0,-1.0,0.119958945,1.0,-1.0,-1.0,0.0,0,0.12224013239657666,0.06824547142302778,0.11587546706199645,False,6.571655168,0.0
1758017572.0892112,20,1,0.31808881117915416,-0.4649207727952078,0.22562410066757796,-4.632160779236821,-10.782712820296668,-10.73933931301813,26.747332802765506,53.15554399574934,60.80302133753397,0,0,0,0,0,0,0,0,0,0,0,0,0.25,0.15,0.35,0.6310570555485414,0,0.04855615,0.26294193,1.0,0.0,-1.0,0.15805478,1.0,-1.0,1.0,-1.0,0.0,0,0.09026222291447056,0.04262623894072901,0.1352456469833851,False,6.57422336,0.0
1758017572.1909559,21,1,0.3722393167885976,-0.45700151094741287,0.20869018393611813,6.498060673133213,0.9503114217353954,-2.0320700077751805,100.0,-63.32952352094959,-57.69382663702379,0,0,0,0,0,0,0,0,0,0,0,0,0.25,0.15,0.35,0.6351076672324097,0,1.0,0.30009204,0.59032977,0.37065777,-0.4876892,1.0,0.08916878,0.6760683,-0.77706206,0.029767014,0.0,0,0.08868038911254875,0.041771610862331346,0.12456285506486892,False,6.574710784,0.0
1758017572.2926304,22,1,0.431909441103881,-0.4977783513614743,0.09955663262560802,7.160414917834009,-4.8932208496873715,-13.096026157261214,100.0,-89.48289015298317,49.908613848122464,0,0,0,0,0,0,0,0,0,0,0,0,0.25,0.15,0.35,0.7179343406726973,0,1.0,0.95199966,0.7505417,1.0,-0.52422035,1.0,-0.10739385,1.0,0.055401176,0.41375697,0.0,0,0.09029074935007016,0.02760739234971922,0.10834640979766846,False,6.576246784,0.0
1758017572.394375,23,1,0.42587452316851143,-0.4495022609477247,0.11439157989826444,-0.7241901522443518,5.793130849649953,1.7801936727187713,81.44283901890371,56.73771052876053,-76.37296531382287,0,0,0,0,0,0,0,0,0,0,0,0,0.25,0.15,0.35,0.667717108065999,0,0.0,0.22679037,0.81492996,0.27953792,-0.53253037,-0.119930625,-1.0,-0.5034633,-1.0,0.47533035,0.0,0,0.09261692689352745,0.03548711733513586,0.13513584405183793,False,6.576500736,0.0
1758017572.4961023,24,1,0.552727858075009,-0.4116416935674161,0.05914237118800641,15.22240018877971,4.543268085637032,-6.629905045230964,-61.23470246433119,-63.65756334501295,89.86350456855628,0,0,0,0,0,0,0,0,0,0,0,0,0.25,0.15,0.35,0.7012016174012248,0,0.45502883,0.0,0.0,0.4006225,0.61594504,-0.85501283,-1.0,-1.0,1.0,1.0,0.0,0,0.10095161711751818,0.030016498844617587,0.14037392266094684,False,6.576500736,0.0
1758017572.5978777,25,1,0.543252876498697,-0.38187392024586986,0.08143711913358176,-1.1369977891574377,3.5721327985855496,2.6753697534690413,88.26134728736352,51.47424208243098,-82.52957145257963,0,0,0,0,0,0,0,0,0,0,0,0,0.25,0.15,0.35,0.6640882001599938,0,0.0068104267,1.0,0.49184847,0.17966425,-0.24247728,-1.0,0.4839081,0.5283647,-1.0,-1.0,0.0,0,0.0745666746789665,0.0361368918413372,0.1311188645660877,False,6.576500736,0.0
1758017572.6998448,26,1,0.6802274268257178,-0.33245481087888873,0.05629065672168488,16.43694603924249,5.930293124037737,-3.0175754894276254,43.52651486340977,-76.81351664318088,-33.898193195769004,0,0,0,0,0,0,0,0,0,0,0,0,0.25,0.15,0.35,0.710016522105114,0,0.74612325,0.56559,1.0,0.23151675,0.6415307,0.3401903,-1.0,0.038398817,0.38891187,-0.033378705,0.0,0,0.07899497279667068,0.028722266794673712,0.12138866186141967,False,6.57596416,0.0
1758017572.802187,27,1,0.7025288025564638,-0.30827820469996053,0.15896383300763772,2.6761650876895184,2.901192741471384,12.320781154314341,71.52947644353138,-100.0,53.41239828830639,0,0,0,0,0,0,0,0,0,0,0,0,0.25,0.15,0.35,0.6717857151989313,0,0.5289012,0.29395866,1.0,0.6770202,-0.40221316,-1.0,-0.022751478,0.7443554,-0.69056606,-0.8094118,0.0,0,0.0979768470408986,0.0347724950792859,0.12187634915113449,False,6.57496064,0.0
1758017572.904056,28,1,0.7688850440115672,-0.311599141803726,0.22195413855824186,7.962748974612411,-0.39851245245185507,7.558836666072499,91.81942559792486,-100.0,-49.60177982477955,0,0,0,0,0,0,0,0,0,0,0,0,0.25,0.15,0.35,0.7061948734203501,0,0.8775373,0.23934644,0.0,0.5866713,1.0,-0.86583096,-1.0,-0.7413724,0.42045814,0.47513977,0.0,0,0.08512836303177872,0.02927637602749866,0.1308350050449371,False,6.57412096,0.0
1758017573.0058413,29,1,0.691742332981615,-0.36539227478396175,0.19698865262643245,-9.257125323594268,-6.455175957628292,-2.9958583118171314,-56.06259588511007,-74.57530074646418,86.10133537548471,0,0,0,0,0,0,0,0,0,0,0,0,0.25,0.15,0.35,0.6958289718602563,0,0.07685086,0.31105137,1.0,0.0,0.8143074,-0.00906033,-0.7627553,-1.0,-1.0,-1.0,0.0,0,0.08753229609541899,0.030833766971159023,0.13438609957695008,False,6.576975872,0.0
1758017573.107645,30,1,0.6465558607220372,-0.4341915586942535,0.23268755929479507,-5.422376671149341,-8.25591406923501,4.283868800203513,87.29950021535409,55.99534667804403,96.48863750463353,0,0,0,0,0,0,0,0,0,0,0,0,0.25,0.15,0.35,0.7157503312376666,0,0.46136013,0.4270652,1.0,1.0,0.7212265,0.15732,-1.0,0.16306448,-0.68289024,-0.97331923,0.0,0,0.09140564957490588,0.02791051843991901,0.1175052148103714,False,6.576975872,75.0
1758017573.209431,31,1,0.7268651508009826,-0.46706501223037983,0.218660346116982,9.63711480947345,-3.9448144243351564,-1.6832655813375679,85.41243043180829,-47.974537996641686,-74.7497197596253,0,0,0,0,0,0,0,0,0,0,0,0,0.25,0.15,0.35,0.7908348159062255,0,0.74611837,0.0,0.48569682,0.5893556,-0.09495519,0.9515112,1.0,-0.44350758,-0.023236688,-0.27476496,0.0,0,0.08476190358880005,0.019174498622445687,0.12951182842254638,False,6.577205248,0.0
1758017573.3114426,32,1,0.7184251290200069,-0.4971923706630883,0.14380765778839083,-1.0128026137170874,-3.6152830119250203,-8.982322599430942,-80.92858361504085,-7.676031947285053,55.40511823937781,0,0,0,0,0,0,0,0,0,0,0,0,0.25,0.15,0.35,0.8251032348310288,0,0.0,0.9351604,0.6678449,0.57911247,1.0,-0.43983826,-0.9389823,1.0,-0.43651918,0.46917135,0.0,0,0.0583031783007336,0.016155153562898688,0.1254511758685112,False,6.577434624,0.0
1758017573.413121,33,1,0.8009751569636787,-0.5438178226542333,0.12834903946772064,9.906003353240626,-5.5950542389374025,-1.8550341984804217,78.77512386012177,-57.04146854029337,-42.59488016014808,0,0,0,0,0,0,0,0,0,0,0,0,0.25,0.15,0.35,0.9132830573971541,0,0.54427254,0.6029475,0.6157226,0.3102641,-0.11040033,1.0,0.89263,-0.25462437,-0.046526063,-0.31297073,0.0,0,0.06860459423988209,0.01039515666096552,0.12667642503976823,False,6.577434624,0.0
1758017573.5148892,34,1,0.8032114518867067,-0.6068830184084018,0.10259770831524118,0.2683553907633584,-7.567823490500219,-3.0901597382975363,-70.20130413187502,-98.78721704142467,69.8145634304347,0,0,0,0,0,0,0,0,0,0,0,0,0.25,0.15,0.35,0.9695992512293322,0,0.7045343,0.7690557,0.67835975,1.0,1.0,0.3375608,0.010366131,-1.0,-0.23238717,1.0,0.0,0,0.06522586902284566,0.007844079338550025,0.11454056382179259,False,6.577434624,66.7
1758017573.6166596,35,1,0.8961431837333607,-0.6135981550836644,0.16822596947188112,11.15180782159847,-0.8058164010315214,7.8753913387967955,51.34613169641864,-75.40447819497659,87.50444864515488,0,0,0,0,0,0,0,0,0,0,0,0,0.25,0.15,0.35,1.016673474871208,0,0.13036928,0.0,0.6238933,0.47721785,-0.17472632,-0.9801238,1.0,-1.0,-0.5080236,1.0,0.0,0,0.07730667938221045,0.006198999478703265,0.1361458459496498,False,6.577922048,100.0
1758017573.7184563,36,1,0.9344637544741949,-0.6356077511038802,0.18469540826433675,4.59846848890012,-2.6411515224259015,1.9763326550946752,-69.90557565990241,-78.01861127757162,-61.988481304168765,0,0,0,0,0,0,0,0,0,0,0,0,0.25,0.15,0.35,1.0549861505405185,0,0.13101083,0.22654215,0.17192933,0.7144239,-1.0,-1.0,-0.6269051,-0.30457065,0.3268952,1.0,0.0,0,0.08885406948941457,0.0051183111252140175,0.13600605458021162,False,6.576992256,0.0
1758017573.8204112,37,1,0.8571815974425159,-0.621072277889797,0.28662891000809676,-9.273858843801488,1.744256785689989,12.2320202092512,-100.0,81.43043570397205,45.767892917189315,0,0,0,0,0,0,0,0,0,0,0,0,0.25,0.15,0.35,0.9834825087665605,0,1.0,0.9403382,0.0,0.91949075,-0.3748001,-0.16493553,-1.0,0.017020896,0.30487877,-1.0,0.0,0,0.05610105083288329,0.007318041482583447,0.11782692432403565,False,6.576730112,0.0
1758017573.922237,38,1,0.8888949883640301,-0.6081282734004883,0.27543428742549747,3.8056069105817083,1.5532805387170538,-1.3433547099119123,37.91901454997266,-55.23211682479151,95.08495616128025,0,0,0,0,0,0,0,0,0,0,0,0,0.25,0.15,0.35,0.9942360537506286,0,0.27131817,0.52320623,0.89325166,0.7503979,0.2778997,-0.37943175,-0.68091995,0.6854366,-0.8688005,-0.2688921,0.0,0,0.06563608376959228,0.006934958088192,0.12257054239511489,False,6.576975872,0.0
1758017574.0240967,39,1,0.7813131661556074,-0.5835521761782514,0.35230335746615254,-12.909818665010732,2.949131666668426,9.22428840487861,-61.33455387684841,53.68038386577057,83.51648295301392,0,0,0,0,0,0,0,0,0,0,0,0,0.25,0.15,0.35,0.9057581250873554,0,0.8204221,1.0,0.03632468,0.5210824,1.0,-1.0,0.8805949,0.20009749,-0.8396356,0.2186607,0.0,0,0.06987841413454238,0.010793721835176384,0.12324942022562027,False,6.5686528,0.0
1758017574.1260142,40,1,0.8207785918288465,-0.5716372186198969,0.35211686267827824,4.735851080788684,1.4297949070025353,-0.022379374544918118,57.45294875058317,-83.79330314858525,100.0,0,0,0,0,0,0,0,0,0,0,0,0,0.25,0.15,0.35,0.9200831252094457,0,0.85981274,1.0,0.6344507,0.44356608,1.0,0.99193865,1.0,0.6367741,0.7965146,-1.0,0.0,0,0.05910143686028764,0.010047658807957622,0.11694941818714141,False,6.568128512,0.0
1758017574.2278981,41,1,0.7672060514383391,-0.6639371666463344,0.29732506300996103,-6.4287048468608905,-11.075993763172498,-6.575015960198064,-43.43578838204748,-86.37072158752787,23.1835974772762,0,0,0,0,0,0,0,0,0,0,0,0,0.25,0.15,0.35,0.9658004244561116,0,0.33385476,1.0,1.0,0.77225685,0.6345988,1.0,0.41490299,-0.73596394,0.8066377,-1.0,0.0,0,0.07598188288963262,0.007994494815234588,0.11505624532699583,False,6.567870464,100.0
1758017574.3297842,42,1,0.7295399285313471,-0.6753931875858616,0.27821910617738466,-4.5199347488390424,-1.3747225127432638,-2.2927148199091643,81.50687884479291,70.89017421616519,66.450578704278,0,0,0,0,0,0,0,0,0,0,0,0,0.25,0.15,0.35,0.957279976750257,0,0.28734428,0.7124814,0.34177715,1.0,0.24893096,-1.0,0.82857317,-0.20212638,-0.26076803,-1.0,0.0,0,0.07139114795077438,0.008342437127715303,0.12365696847438812,False,6.568128512,100.0
1758017574.4315848,43,1,0.6815145939681908,-0.7573618638022,0.17389536861481478,-5.76304014757875,-9.836241145960605,-12.518848507508386,-59.32241912681182,-82.69696062538284,-70.34498158189238,0,0,0,0,0,0,0,0,0,0,0,0,0.25,0.15,0.35,1.020060408939317,0,0.0,0.0,1.0,0.640175,-0.2686123,-0.35447595,-1.0,-1.0,0.3256732,-0.6393823,0.0,0,0.07101989305718903,0.006094905353627239,0.1315480314195156,False,6.568128512,66.7
1758017574.5334854,44,1,0.6639792859041076,-0.761232018955572,0.126957955982903,-2.104236967689984,-0.4644186184046383,-5.632489515829415,79.6047594341555,84.89524238584589,59.196889681380846,0,0,0,0,0,0,0,0,0,0,0,0,0.25,0.15,0.35,1.0254123048446646,0,0.13778946,0.12156984,0.52933145,0.0059320927,-0.555111,-0.45435223,0.06209737,-1.0,1.0,1.0,0.0,0,0.08905714192394895,0.005933971712037779,0.1410604930669069,False,6.56838656,0.0
1758017574.7430832,45,1,0.6012681439045879,-0.8451701224487327,0.03562069150729984,-7.525337039942354,-10.072572419179284,-10.960471737072378,-60.78821322360505,-86.49495916051511,-67.77112828426196,0,0,0,0,0,0,0,0,0,0,0,0,0.25,0.15,0.35,1.1011753861874811,0,0.0,0.038197845,0.22239253,0.11175686,-0.11581127,-0.8699186,-1.0,1.0,1.0,-1.0,0.0,0,0.08090733001871343,0.004062824202015356,0.1458110935986042,False,6.577201152,0.0
1758017574.8454723,46,"{'r': 5.220760884887135, 'l': 40, 't': 1758017574.5348032}",-0.00568838644446544,-0.007297990935648402,0.09466229084233302,-0.6858954966269447,-0.873636419575853,1.0186051638821314,0.08797153074357489,-31.6051080025429,-27.70660188303205,0,0,0,0,0,0,0,0,0,0,0,0,0.25,0.15,0.35,0.39410221343307744,0,0.13426417,0.0,1.0,0.15596059,0.024755003,-0.5787137,-1.0,-0.9827529,1.0,-1.0,0.0,0,0.21533615751141466,0.1393856026040927,0.1354849711060524,False,6.577631232,0.0
1758017574.9480662,47,2,-0.0546785442194139,0.003488967545737608,0.09666702098333649,-5.878818932993815,1.2944350177663213,0.24056761692041562,-9.637265086623614,-37.609306154405665,-37.904659886696685,0,0,0,0,0,0,0,0,0,0,0,0,0.25,0.15,0.35,0.4224595793634375,0,0.5532439,0.45893505,0.22957161,0.58206487,-0.5589338,-0.13030551,0.86476094,-1.0,-0.6127416,1.0,0.0,0,0.1674086125203877,0.12095969393937879,0.12948207736015319,False,6.577369088,0.0
1758017575.049893,48,2,0.053585068979067715,0.06907550852979064,0.05685092271549301,12.991633583817794,7.870384918086364,-4.777931792141217,-79.92584036106811,87.03415915636981,-73.8532448989042,0,0,0,0,0,0,0,0,0,0,0,0,0.25,0.15,0.35,0.362027595578607,0,0.027287275,0.78274286,0.0,1.0,0.5223049,0.03403304,0.29367802,0.53057164,-0.14117989,-0.5982164,0.0,0,0.23038264158812835,0.1636315577074654,0.1296371613442898,False,6.579421184,50.0
1758017575.2617424,49,2,0.03142492199611394,0.1907951106199614,0.017499287593822993,-2.6592176379544528,14.606352250820493,-4.722196214600402,-100.0,-61.60376070127183,-93.19451695687138,0,0,0,0,0,0,0,0,0,0,0,0,0.25,0.15,0.35,0.399995036876103,0,0.0,0.8303199,0.7440216,0.7466108,-0.4426473,0.40485615,0.20648845,-0.36667925,0.2465212,0.24423699,0.0,0,0.21161716416882825,0.1353386417071755,0.12388928532600402,False,6.579437568,0.0
1758017575.3634987,50,2,-0.008917917848610558,-0.009336568685167204,0.10145666602381934,-1.0734392651243587,-1.1182657495181094,1.8339301856604897,0.005381641946469173,-58.48264641534093,-24.378074849186504,0,0,0,0,0,0,0,0,0,0,0,0,0.25,0.15,0.35,0.39268361204335755,0,0.67843187,0.82056797,0.45181423,1.0,1.0,1.0,0.62757814,1.0,-0.04465889,-0.6112024,0.0,0,0.20658407902213655,0.14037778025361625,0.11680334240198134,False,6.579695616,0.0
1758017575.575436,51,"{'r': 0.8247445757887589, 'l': 4, 't': 1758017575.0509439}",0.02641314792496877,-0.04088636247612162,-0.07847953092824542,4.239727892829519,-3.7859752549145296,-21.592343634247772,-100.0,-72.13573278641906,-33.481013845401705,0,0,0,0,0,0,0,0,0,0,0,0,0.25,0.15,0.35,0.5196377509618373,0,0.1165517,0.556853,0.40798765,0.594561,-0.6880581,-0.7054367,-1.0,1.0,0.8974663,-1.0,0.0,0,0.13169223023364648,0.07440822778055771,0.13114552572369576,False,6.581751808,0.0
1758017575.6771286,52,3,-0.004354306012633715,-0.006446728181580619,0.09376061477479905,-0.5258058448071377,-0.7714848890877191,0.9104040357780552,0.0793368478468448,-27.873288372973,-25.935189404266637,0,0,0,0,0,0,0,0,0,0,0,0,0.25,0.15,0.35,0.39348483361684833,0,0.0,0.22634465,1.0,0.21720418,-0.37728578,0.39176786,-0.16635214,-0.36329556,-0.3867935,1.0,0.0,0,0.2290703066394748,0.13981653667549512,0.13376007601618767,False,6.58065408,0.0
1758017575.7787056,53,3,-0.05015919311549726,0.0012620528042835604,0.096164763495103,-5.496586452343625,0.9250537183037015,0.28849784643647425,-6.721690246988032,-26.18565643609746,-50.5196644701724,0,0,0,0,0,0,0,0,0,0,0,0,0.25,0.15,0.35,0.42029851943498336,0,0.8493062,0.8702297,0.4977231,0.0,0.5185128,-0.20622645,1.0,1.0,-1.0,0.7308454,0.0,0,0.1771848927021598,0.1222737864733314,0.12505583703517914,False,6.579482624,0.0
1758017575.9920843,54,"{'r': 0.338276309255783, 'l': 2, 't': 1758017575.3645256}",0.032863280947473046,0.20549609601076768,-0.0195226251787934,9.962696887556437,24.508085184778093,-13.882486640867569,-100.0,81.44870157955773,-34.42624275480978,0,0,0,0,0,0,0,0,0,0,0,0,0.25,0.15,0.35,0.4321748974111747,0,0.44429237,1.0,0.0,0.93909645,0.53782004,-1.0,-1.0,-0.6220628,1.0,0.641719,0.0,0,0.15227650182134583,0.1152243147957988,0.123186876475811,False,6.588772352,0.0
1758017576.0938778,55,4,-0.008969261588420782,-0.010943379674068464,0.10139567319176228,-1.0796005139015856,-1.3110830681862604,1.8266110458136429,-0.009744166276327348,-58.192202714302354,-24.701102470112005,0,0,0,0,0,0,0,0,0,0,0,0,0.25,0.15,0.35,0.39341067755761316,0,0.76999867,1.0,1.0,0.43413725,0.7440284,-0.6182113,-0.031121295,-0.19394413,-0.19653673,-0.41353494,0.0,0,0.21423211969335282,0.13986838750441277,0.11395347118377686,False,6.588772352,0.0
1758017576.3212345,56,4,0.10562577419178142,-0.034876685668508406,-0.19586454458414376,13.751404293624264,-2.8719967193327935,-35.671226133108725,-100.0,-69.42675983090302,-44.84544727042179,0,0,0,0,0,0,0,0,0,0,0,0,0.25,0.15,0.35,0.5941307995850321,0,1.0,1.0,0.56129205,1.0,0.70680517,1.0,-0.8612535,-1.0,-0.68975663,-0.2239714,0.0,0,0.10562853094919436,0.051269769042570495,0.10993546307086945,False,6.607065088,0.0
1758017576.4229767,57,4,-0.006916963861674545,-0.008255794531269088,0.0969347104620647,-0.8333247866920372,-0.9885728510503354,1.2912955182499335,0.0139074877356542,-40.460939904993715,-24.29902219560732,0,0,0,0,0,0,0,0,0,0,0,0,0.25,0.15,0.35,0.39381882076856517,0,0.4379117,0.054807216,0.0,1.0,-0.43554688,-1.0,1.0,0.2675052,0.24487767,0.4972481,0.0,0,0.22339639770807154,0.1395832468849553,0.1332069119811058,False,6.60752384,0.0
1758017576.52472,58,"{'r': 0.5585317011629805, 'l': 3, 't': 1758017575.7797785}",0.008138898665240809,-0.011172383346711104,0.09758250009728782,1.8067035032298424,-0.34999065785304184,0.07773475622677495,3.519045257408038,18.172628166654093,0.34476249234273837,0,0,0,0,0,0,0,0,0,0,0,0,0.25,0.15,0.35,0.3849518460140925,0,0.92628545,0.4746809,0.25572076,0.0,-0.07879272,0.3207684,0.7528273,0.68306375,0.34145695,0.47194353,0.0,0,0.21751023966554864,0.14591088358048665,0.1313622696697712,False,6.638559232,0.0
1758017576.6264331,59,5,-0.08129778285792388,0.007370461134713091,0.10906609825163131,-10.732401782779764,2.2251413377709035,1.378031778521219,-22.732960870190638,-100.0,-3.14819248462463,0,0,0,0,0,0,0,0,0,0,0,0,0.25,0.15,0.35,0.43376324336577093,0,1.0,1.0,0.75523984,0.0,0.5969942,1.0,-1.0,0.21450043,0.17581615,1.0,0.0,0,0.17765084465605896,0.11431285848481337,0.11900355041027069,False,6.652207104,0.0
1758017576.7280223,60,5,0.04825065052913724,0.02639869934237033,0.07152207729563236,15.545812006447337,2.283388584918869,-4.505282514719875,55.259390491881,-86.86808069289489,-60.226298253252395,0,0,0,0,0,0,0,0,0,0,0,0,0.25,0.15,0.35,0.365417617213393,0,0.0779773,0.87035155,0.69857574,0.4113961,0.7551031,0.64148396,0.19337969,1.0,0.37903595,0.25022072,0.0,0,0.23122276877445308,0.16088135903162093,0.1268441167473793,False,6.623842304,0.0
1758017576.8297958,61,"{'r': 0.3198606506425472, 'l': 2, 't': 1758017576.0948915}",-0.025299655636683432,0.019668023931733225,0.12964082783863684,-8.82603673989848,-0.8076810492764526,6.97425006516054,34.674836563713214,72.47902114804944,87.09071246016681,0,0,0,0,0,0,0,0,0,0,0,0,0.25,0.15,0.35,0.37594479532928377,0,0.12364006,0.0,0.0,1.0,0.5997631,1.0,-0.2505118,0.870147,0.01521587,-1.0,0.0,0,0.22738720901736525,0.15263223000296858,0.13735904932022094,False,6.624505856,0.0
1758017576.931642,62,6,0.2516614844427929,0.045266668400226834,0.14451566442240685,33.23533680953716,3.0718373362192337,1.784980390052402,-7.169456308909517,100.0,-100.0,0,0,0,0,0,0,0,0,0,0,0,0,0.25,0.15,0.35,0.23064180767221407,0,0.77116513,0.82248145,1.0,0.419608,0.274018,-0.53451693,0.5120768,0.89703643,-0.24927604,-0.20809087,0.0,0,0.35514404865995164,0.3156222984482359,0.11610088527202606,False,6.633218048,100.0
1758017577.1586344,63,6,0.4806633959871066,-0.19305666376373812,0.02425870100432803,27.48022938531765,-28.598799859675793,-14.430835610169458,-100.0,-100.0,-100.0,0,0,0,0,0,0,0,0,0,0,0,0,0.25,0.15,0.35,0.5263087218281671,0,0.3812191,0.34761798,1.0,0.0,1.0,1.0,0.624159,0.037271418,-1.0,0.5611026,0.0,0,0.14517640891646832,0.07196728709315747,0.13055058360099792,False,6.63734272,0.0
1758017577.2604072,64,6,-0.007733177555406891,-0.005221637155086701,0.09858958590154959,-0.9312704299399188,-0.6244739659084488,1.4898805709881202,0.008805092967676842,-47.34266055907082,-20.0398459976892,0,0,0,0,0,0,0,0,0,0,0,0,0.25,0.15,0.35,0.3920807873016307,0,0.2966633,0.555536,0.20290124,0.51385015,0.7362452,0.009711571,0.668147,-0.26443094,1.0,0.14516023,0.0,0,0.23722734918096922,0.14080153455236816,0.13234930515289306,False,6.63734272,0.0
1758017577.362677,65,6,0.053921119880345356,0.08163676404251426,0.05053909108802701,7.39851569229027,10.423008143712114,-5.76605937762271,-100.0,9.596168443518835,-100.0,0,0,0,0,0,0,0,0,0,0,0,0,0.25,0.15,0.35,0.3644136320528388,0,1.0,0.1674926,0.86641157,0.28700894,-1.0,-0.24945042,-0.2730687,0.101497374,0.3862815,-0.6690014,0.0,0,0.22031276468350103,0.16169100199057274,0.12388972789049148,False,6.639079424,0.0
1758017577.5766165,66,6,0.023461645378162102,0.09837991262924138,0.04904008400651441,-3.6551369402619907,2.009177830407255,-0.17988084978151164,-38.164756782715486,-69.57426016287339,-3.368962848744511,0,0,0,0,0,0,0,0,0,0,0,0,0.25,0.15,0.35,0.3802119547959273,0,0.42253578,0.35626036,1.0,0.45731682,0.32490507,0.34963536,-1.0,-0.79742634,0.88196987,-0.22884397,0.0,0,0.22298486301903805,0.14941019425397004,0.12484372794628143,False,6.66769408,33.3
1758017577.678446,67,6,-0.007332285703929415,-0.0076343878967926136,0.09627224793614046,-0.8831634077626216,-0.9140040549131584,1.2118000151390254,0.04512160662813791,-37.73714204113305,-25.37332312429392,0,0,0,0,0,0,0,0,0,0,0,0,0.25,0.15,0.35,0.39426675954305934,0,0.0,0.581732,1.0,0.76545465,-0.592941,1.0,-1.0,-0.23359878,0.009339432,0.85759586,0.0,0,0.2124176988647496,0.1392709729717289,0.12359415113925934,False,6.656720896,0.0
1758017577.7803297,68,6,-0.03133567017500702,-0.0021527497508423326,0.09637315246178063,-2.8804061365293125,0.6577965775140338,0.01210854307682041,-6.586801625893401,-28.8915175166254,-0.5721179300277477,0,0,0,0,0,0,0,0,0,0,0,0,0.25,0.15,0.35,0.408199456591674,0,0.0,0.335878,0.86048806,0.22515717,-0.2133846,0.9203553,-1.0,-0.0651991,-1.0,0.32375282,0.0,0,0.2254320209086201,0.1298991001010201,0.13400786384940147,False,6.63488512,0.0
1758017577.8820055,69,"{'r': 1.5774879173979173, 'l': 7, 't': 1758017576.9327884}",-0.09998856197473498,0.014042015202543827,0.07736322759710178,-8.238347015967355,1.943371794406339,-2.281190983761462,-19.86999203705868,-85.35004936020768,-1.7034385734215078,0,0,0,0,0,0,0,0,0,0,0,0,0.25,0.15,0.35,0.4640122593311495,0,0.82890344,0.42861563,0.5249573,0.213058,1.0,-1.0,-1.0,-0.16065715,-0.21006447,0.10148587,0.0,0,0.16312408566924277,0.09826756194683259,0.12755023911595345,False,6.668689408,0.0
1758017578.092375,70,7,0.1412957289983664,0.07195437664831986,0.01751448741122867,28.954114916772163,6.949483373493124,-7.181848822304773,48.669693006864634,-100.0,-75.10264959398155,0,0,0,0,0,0,0,0,0,0,0,0,0.25,0.15,0.35,0.35840529284563716,0,0.94972694,0.0708482,1.0,0.57841897,-1.0,0.08637684,-0.79079056,0.5997541,0.7268152,0.22534828,0.0,0,0.22468414719056834,0.16662217343997704,0.12076131731271743,False,6.671949824,0.0
1758017578.1941535,71,7,-0.0037789483963788137,-0.006160233427124674,0.09057700595446193,-0.4567629308565495,-0.7371055185530057,0.5283709773376009,0.10229814572706708,-14.957681067920966,-31.994162324170944,0,0,0,0,0,0,0,0,0,0,0,0,0.25,0.15,0.35,0.3950823496345252,0,0.0,0.13633338,0.2076073,1.0,0.37633482,1.0,-1.0,1.0,0.98193353,-0.2771899,0.0,0,0.21543242238613514,0.1387041892871514,0.13488066673278806,False,6.667644928,0.0
1758017578.2960114,72,7,-0.02910505733398642,9.008723707081522e-05,0.09543409553624452,-3.0391330725129126,0.7500384797034587,0.582850749813911,-7.797842753979552,-27.860444748473967,-5.758913181518281,0,0,0,0,0,0,0,0,0,0,0,0,0.25,0.15,0.35,0.40641901369085426,0,1.0,1.0,1.0,0.19288474,0.29861733,1.0,0.23893937,0.55800706,0.82335055,-0.74799865,0.0,0,0.16590111984851386,0.13106065227630162,0.11408004730939865,False,6.65964544,0.0
1758017578.397726,73,"{'r': 0.6805249768835083, 'l': 3, 't': 1758017577.3638465}",-0.006492175919550119,-0.007132134606918891,0.09715800982886956,2.713545769732356,-0.8666666212787648,0.20686971511500474,8.83859556455262,27.41527553233803,0.23325070240092316,0,0,0,0,0,0,0,0,0,0,0,0,0.25,0.15,0.35,0.392947599595379,0,0.5355347,0.93741846,0.0,0.5476878,0.23115608,-0.55837524,-0.05078917,-0.54247034,-0.0074726334,-0.24332997,0.0,0,0.20194773837322036,0.14019261255258356,0.1272677904367447,False,6.667644928,0.0
1758017578.4993877,74,8,-0.047504743163767474,0.006326789756147013,0.10516828128799086,-4.921508069306083,1.6150709235679086,0.9612325750945558,-16.565840820890344,-50.04769130986726,-0.17734256180267494,0,0,0,0,0,0,0,0,0,0,0,0,0.25,0.15,0.35,0.4112099634422663,0,0.0896081,1.0,0.0,0.21695775,-0.60708493,0.448134,-0.32623783,1.0,0.32541606,1.0,0.0,0,0.20560777151347787,0.1279584320759931,0.13530113518238068,False,6.667644928,0.0
1758017578.600884,75,8,0.11341022469418015,-0.02765542979056059,0.14671489944495852,19.309796142953715,-4.077866345604913,4.985594178836118,25.409591735148936,44.77962301988078,-83.49568403223455,0,0,0,0,0,0,0,0,0,0,0,0,0.25,0.15,0.35,0.3025608212572085,0,0.0,0.09996447,0.6537442,0.0,-0.7257003,-0.3069033,-0.2878525,-0.2999087,0.67453635,0.1988567,0.0,0,0.301758308739865,0.22029139059921524,0.14152077689766882,False,6.67613184,0.0
1758017578.703125,76,8,0.11894696086870334,-0.016327125237299372,0.14991985043824727,0.6644083409427827,1.3593965463913462,0.38459411919464825,-100.0,-61.18074357457842,-44.829854597073826,0,0,0,0,0,0,0,0,0,0,0,0,0.25,0.15,0.35,0.2913274410417027,0,0.0,0.26540133,0.29660058,0.56213576,-0.5213642,-0.028410286,-0.7140065,-1.0,1.0,-0.37267113,0.0,0,0.3305762200388465,0.23301855224700313,0.13735345155000686,False,6.675873792,0.0
1758017578.8054204,77,8,0.1599326714520899,-0.06628327167871678,0.25098088291990284,4.918285270006388,-5.99473757297009,12.12732389779867,72.10677852977771,88.68963361534566,-84.82493516110875,0,0,0,0,0,0,0,0,0,0,0,0,0.25,0.15,0.35,0.2543528313723454,0,1.0,0.0,0.0,0.28069997,0.031499956,1.0,-1.0,-1.0,1.0,0.15961938,0.0,0,0.35926916582854146,0.2803366274979865,0.13559212535619736,False,6.654009344,0.0
1758017578.9072375,78,"{'r': 0.8256579526331809, 'l': 4, 't': 1758017577.8830726}",0.1254618119754819,-0.23032198697307804,0.2502874857325567,-4.136503137192959,-19.68464583532335,-0.08320766248153261,-81.85948671659486,-87.15806161159448,-46.84094412589877,0,0,0,0,0,0,0,0,0,0,0,0,0.25,0.15,0.35,0.41242836899650276,0,0.016228229,1.0,0.5962495,0.7304371,-1.0,-0.98199314,1.0,-1.0,-0.8289668,-0.2385138,0.0,0,0.15072493573052298,0.12718127538782967,0.12364220827817916,False,6.648434688,0.0
1758017579.0095634,79,9,0.07435013748103038,-0.323460307552711,0.2672812003548109,-6.133400939334182,-11.176598469555955,2.0392457546705005,71.32688334220362,26.992318893253568,69.81270971835993,0,0,0,0,0,0,0,0,0,0,0,0,0.25,0.15,0.35,0.5117225193848532,0,0.40571123,1.0,0.0,0.0,0.47180533,0.14188574,0.50223476,-1.0,-0.39426503,0.16110305,0.0,0,0.1509450242544207,0.07741206771383614,0.13418574929237365,False,6.640177152,0.0
1758017579.1116633,80,9,0.13935908037132702,-0.40444633347875014,0.180896733717178,7.801073146835598,-9.718323111124702,-10.366135996515949,-83.34978938300588,100.0,-42.28703815968273,0,0,0,0,0,0,0,0,0,0,0,0,0.25,0.15,0.35,0.5901254650257239,0,1.0,0.48655504,0.97106445,1.0,0.0643729,1.0,1.0,-0.043257687,-0.58208585,-1.0,0.0,0,0.08510365584481301,0.05230688223231378,0.11110177874565126,False,6.632177664,0.0
1758017579.213331,81,9,0.16471445550665276,-0.4477522972388512,0.13553048447279625,3.0426450162390877,-5.196715651212127,-5.443949909325808,-80.27846761351516,70.36979529977543,-92.19796885823978,0,0,0,0,0,0,0,0,0,0,0,0,0.25,0.15,0.35,0.6407640798642852,0,0.8194864,0.19870207,0.48766208,0.29560995,0.22902824,-0.064392366,-0.23749518,0.6985443,0.49601313,0.78702337,0.0,0,0.10082782206640839,0.04060677317486406,0.12973356932401656,False,6.63291904,0.0
1758017579.3154743,82,9,0.11909321919401812,-0.4268572795411694,0.21699988756010727,-5.474548357516157,2.5074021237218136,9.776328370477321,-46.560363520498456,76.22644171895817,10.438389202622487,0,0,0,0,0,0,0,0,0,0,0,0,0.25,0.15,0.35,0.6062919561808885,0,0.17122075,1.0,0.0,1.0,0.0029723947,0.21116959,-1.0,1.0,-0.88885945,-1.0,0.0,0,0.09624454969815134,0.0482451593344581,0.12557376623153685,False,6.633148416,0.0
1758017579.4173532,83,9,0.08432387731424812,-0.46482685160165604,0.2845877725724464,-4.1723210255723995,-4.556348647258394,8.110546201480696,-100.0,60.99489667468367,-58.92680946808864,0,0,0,0,0,0,0,0,0,0,0,0,0.25,0.15,0.35,0.6401088927484316,0,0.94190574,0.43373471,0.49449846,0.14280179,0.45117188,1.0,0.33967528,-0.0073804506,0.33006015,-0.4734854,0.0,0,0.09347132809622442,0.04074001647694267,0.12735441774129866,False,6.633148416,0.0
1758017579.5195618,84,9,0.13869286667988961,-0.4070302598895982,0.3376627110594429,6.52427872387698,6.935591005446946,6.368992618439578,-95.05790438469324,40.78972117390961,92.43693555410208,0,0,0,0,0,0,0,0,0,0,0,0,0.25,0.15,0.35,0.5681762024750922,0,1.0,0.28552914,0.0,0.33632433,-0.7252654,-0.50014013,0.13432913,-1.0,1.0,-0.42370915,0.0,0,0.13517789481086528,0.05837421489758286,0.13175414845347405,False,6.633148416,0.0
1758017579.6215086,85,9,0.09278350848057014,-0.34620238931541614,0.31979414550345725,-5.509122983918337,7.299344468901841,-2.1442278667182806,66.65095517646174,-62.68315385448379,68.01934268029757,0,0,0,0,0,0,0,0,0,0,0,0,0.25,0.15,0.35,0.5213887513303994,0,0.0,0.0,0.29218063,0.0,-0.43723512,0.6713537,-1.0,0.19634213,0.86490613,0.26345885,0.0,0,0.15432010069060356,0.07375962700265677,0.14671296793967484,False,6.641147904,0.0
1758017579.7232335,86,9,0.04887150336537505,-0.3051064058097587,0.3060702025386121,-5.26944061382341,4.931518020678894,-1.6468731557814185,-53.602494354627844,56.619749096636895,-68.68010850935724,0,0,0,0,0,0,0,0,0,0,0,0,0.25,0.15,0.35,0.499504093949769,0,0.23692304,0.24672654,0.24874035,0.41140932,-0.487369,-0.89092755,-0.1986502,1.0,0.07004547,-0.006691809,0.0,0,0.16859942874388004,0.08228878340200688,0.1371322578191757,False,6.648958976,0.0
1758017579.8248177,87,9,-0.00016642649012315464,-0.2403961216892287,0.298618423643654,-5.884551582659785,7.765234094463596,-0.8942134673949731,18.356637600894484,-59.39262233469502,69.56494142014947,0,0,0,0,0,0,0,0,0,0,0,0,0.25,0.15,0.35,0.4665109207314361,0,0.0,1.0,0.40624818,0.80596834,1.0,1.0,-0.11742984,-0.3031284,1.0,1.0,0.0,0,0.14616879164250424,0.09704751222403576,0.1251125630736351,False,6.65088,0.0
1758017579.926412,88,9,-0.03426116041465907,-0.20335960892394986,0.2713946133879761,-4.09136807094431,4.44438153183346,-3.266857230681346,-55.68880286813696,-6.102904685118911,-60.64546796821973,0,0,0,0,0,0,0,0,0,0,0,0,0.25,0.15,0.35,0.460267560603179,0,0.0,0.8527696,0.31656814,0.0,1.0,-0.44863158,0.3262445,1.0,-1.0,-1.0,0.0,0,0.15478691464205968,0.10012480681678043,0.1368449503183365,False,6.659137536,0.0
1758017580.0280273,89,9,-0.08285560549094001,-0.13722342637934487,0.2203233608049264,-5.831333409153712,7.9363419053526005,-6.1285503099659655,-100.0,-79.26018725877151,50.917395895964034,0,0,0,0,0,0,0,0,0,0,0,0,0.25,0.15,0.35,0.4583734083918487,0,0.0,0.0265221,1.0,0.2328884,1.0,0.6827879,0.28974336,0.5346764,-1.0,0.1597374,0.0,0,0.17745158114615472,0.10107756951037442,0.13583163052797317,False,6.659137536,0.0
1758017580.1298304,90,9,-0.0862545435636447,-0.1363617417611504,0.15400297987526368,-0.4078725687245636,0.10340215418333781,-7.958445711559528,-55.70131822814182,-64.44865861282241,-52.38842500282094,0,0,0,0,0,0,0,0,0,0,0,0,0.25,0.15,0.35,0.4832028529607944,0,0.7030579,0.68570876,0.10761976,0.83172774,0.2960416,1.0,-1.0,1.0,1.0,-1.0,0.0,0,0.1269208900041709,0.08927674272729252,0.12380871713161468,False,6.659137536,0.0
1758017580.2313654,91,9,-0.06639841064252354,-0.2086241690926152,0.07483359903942066,2.38273595053454,-8.671491279775775,-9.500325700301163,-72.64296848640356,36.82355687526758,84.48178872333403,0,0,0,0,0,0,0,0,0,0,0,0,0.25,0.15,0.35,0.5517570091372487,0,0.7599461,0.78550106,0.0,0.0,0.38432392,0.9455692,1.0,-0.06545325,-0.17285655,1.0,0.0,0,0.11883267157121316,0.06336871169849052,0.13261371999979019,False,6.65991168,0.0
1758017580.440919,92,9,-0.0361322506510383,-0.24783383319702224,0.033723556786206345,3.6319391989782295,-4.705159692528845,-4.933205070385718,60.30139239124427,-55.37354752795822,97.1714912253294,0,0,0,0,0,0,0,0,0,0,0,0,0.25,0.15,0.35,0.5832445561090415,0,0.8366262,0.69149697,0.0,0.7691169,-0.36208528,-0.1986374,-1.0,-1.0,0.80274224,0.9582421,0.0,0,0.10959137937700544,0.05413779190456665,0.12415604978799819,False,6.693199872,0.0
1758017580.5432463,93,9,-0.0013790028035748768,-0.00904896922461047,0.09684787507057313,-0.16876945972007706,-1.0837538142513012,1.2808752712709461,0.07344442319315192,-39.746773387270004,-29.915316180566506,0,0,0,0,0,0,0,0,0,0,0,0,0.25,0.15,0.35,0.3906071888972538,0,0.8602932,0.0,0.0,0.93620294,-1.0,0.13766865,1.0,1.0,0.31954592,0.11242754,0.0,0,0.21691985951117637,0.1418427904074586,0.12978941828012466,False,6.6936832,0.0
1758017580.644868,94,9,0.024665892028295035,-0.03049854171707324,0.10814902059054134,3.1253873798243896,-2.5739486990955327,1.3561374623961848,24.43192578154381,9.734251046125056,-11.892058427674598,0,0,0,0,0,0,0,0,0,0,0,0,0.25,0.15,0.35,0.37662591522452143,0,0.14029106,0.21382076,0.4475576,0.5962026,-0.7518108,0.60288304,1.0,-0.23275459,-0.32264844,1.0,0.0,0,0.23124704338998409,0.15211330987901303,0.13427394032478332,False,6.708637696,0.0
1758017580.7464309,95,9,0.03132208550045632,-0.10690374635370842,0.06821877222558854,0.7987432166593545,-9.168624556396221,-4.7916298037943355,70.35789919914342,77.75118828382153,28.389560238422785,0,0,0,0,0,0,0,0,0,0,0,0,0.25,0.15,0.35,0.4395682262248888,0,0.0,0.34462923,1.0,0.80363804,-0.8920236,-1.0,-0.94592446,-0.1687043,0.9406669,0.29952177,0.0,0,0.16946505879095894,0.11104262624911172,0.12583199322223662,False,6.710235136,0.0
1758017580.9561634,96,9,-0.0013974494328879705,0.4588557589936451,0.022426658114928208,-3.926344192001315,67.89114064168243,-5.495053693279241,30.775476757818367,100.0,-85.58210864564185,0,0,0,0,0,0,0,0,0,0,0,0,0.25,0.15,0.35,0.5156518707021785,0,0.0,0.702654,0.84892035,0.5415619,0.23473711,0.9220418,-1.0,1.0,0.98278725,1.0,0.0,0,0.1411609276079374,0.07590601463548713,0.12645221650600433,False,6.710317056,0.0
1758017581.0579233,97,9,-0.0016880037250482077,-0.007801332028289297,0.09412700576272504,-0.20584957029687678,-0.9340373506927604,0.9543709543291734,0.06895700047877007,-29.061626841172867,-30.62856568376523,0,0,0,0,0,0,0,0,0,0,0,0,0.25,0.15,0.35,0.3920702753192989,0,0.11088082,0.19797495,0.65566576,0.44327715,0.13359353,-0.6019664,1.0,0.39853272,-0.30834004,0.77672285,0.0,0,0.23505242253176065,0.14080893526307436,0.13416226521134375,False,6.7110912,0.0
1758017581.1596215,98,9,-0.027752984455337408,0.006781232503863579,0.10073463843262591,-3.127797687634704,1.7499077438583452,0.7929159203881042,-18.897373894871905,-38.990420879451264,11.90964194636257,0,0,0,0,0,0,0,0,0,0,0,0,0.25,0.15,0.35,0.3997393603515583,0,0.77059525,0.15531972,0.91305923,0.4495139,-1.0,-1.0,-1.0,-0.60112447,-0.8730898,-0.86912316,0.0,0,0.18683160060735418,0.13551176691146563,0.12425450831651687,False,6.714703872,0.0
1758017581.366166,99,9,0.3261042843511327,-0.04836020221958331,-0.5654032545177454,42.462872256776414,-6.6169721668136265,-79.93654715404456,66.60578478277418,-84.38556036469537,-51.165111000515886,0,0,0,0,0,0,0,0,0,0,0,0,0.25,0.15,0.35,0.939734936193644,0,0.3945619,0.73421323,1.0,0.2421352,-0.2946926,-1.0,-0.10281239,0.13706905,0.9459603,1.0,0.0,0,0.06232918307555278,0.00910733923686109,0.12332725793123245,False,6.739447808,0.0
1758017581.468299,100,9,-0.014094054972931792,-0.011462246618439548,0.10252978397638698,-1.694575720042907,-1.3733471015107908,1.962704339968608,-0.020118198349130978,-62.65000786261623,-24.146937396185393,0,0,0,0,0,0,0,0,0,0,0,0,0.25,0.15,0.35,0.3963044723112438,0,0.5385196,1.0,0.8152599,1.0,-1.0,-0.31947744,-0.05841044,-0.1639402,0.12057525,-0.16614504,0.0,0,0.2105898475874067,0.13785920592433223,0.1122699800133705,False,6.739447808,0.0
1758017581.6802442,101,"{'r': 3.749659715047598, 'l': 22, 't': 1758017580.2324889}",0.12235328992507866,-0.08430835090704286,-0.23003741639416772,16.373681387761252,-8.741532514632398,-39.90806404446656,-66.65394487645523,-34.512565994479395,6.358323956899731,0,0,0,0,0,0,0,0,0,0,0,0,0.25,0.15,0.35,0.6384649483839736,0,0.0,0.3095991,0.0,0.6659685,-0.5208539,-0.5549148,-0.10026562,-0.20512949,1.0,1.0,0.0,0,0.1171323912116268,0.041076268133757386,0.13902486473321915,False,6.740082688,0.0
1758017581.7818816,102,10,-0.00640709786214336,-0.005038717706942519,0.09340834920835697,-0.7721408667482951,-0.602523632131147,0.8681321678050058,0.050555819793906664,-26.77076683735176,-19.51422731785688,0,0,0,0,0,0,0,0,0,0,0,0,0.25,0.15,0.35,0.39448812286085405,0,0.30949768,0.086253405,0.057900906,0.57908165,0.27682045,-0.33667752,-0.6557424,-0.2624021,-1.0,0.14664741,0.0,0,0.23751075727571588,0.13911691082347974,0.1383817461133003,False,6.73974272,0.0
1758017581.8834178,103,10,0.02660591338573753,-0.010505159626679271,0.09109363213516802,3.961561349745707,-0.6559730303684104,-0.27776604878267364,6.646455073104164,39.991458838269615,0.07629733065414257,0,0,0,0,0,0,0,0,0,0,0,0,0.25,0.15,0.35,0.37775565054935456,0,1.0,0.037015498,0.0,0.20482847,-1.0,-0.46173385,0.17647007,0.08470442,-0.018400496,0.68417454,0.0,0,0.23463856803260716,0.1512564931996909,0.13602925568819044,False,6.715109376,0.0
1758017581.9850066,104,10,-0.025468392173151094,-0.001565011644742034,0.11436483443344819,-6.248916667066635,1.0728177578324685,2.7925442757936203,-11.89463013578569,-68.8376028263991,-0.1688802025583982,0,0,0,0,0,0,0,0,0,0,0,0,0.25,0.15,0.35,0.3929105739133372,0,0.0,0.3112141,1.0,0.0,1.0,-0.09577498,-1.0,0.8667351,1.0,-0.18424574,0.0,0,0.18974197298021417,0.14021856859059437,0.13524884149432181,False,6.719496192,0.0
1758017582.086514,105,10,-0.07962503903731759,0.14174486419565444,0.1298219126653783,-6.49879762369998,17.197185100847577,1.8548493878316132,31.913659607566018,-97.95580476261927,-30.794905368725907,0,0,0,0,0,0,0,0,0,0,0,0,0.25,0.15,0.35,0.39648354791823787,0,0.6299089,0.2802068,0.0,0.3680755,-0.24215584,-0.753922,0.23556583,0.43963194,0.39283863,-0.61076385,0.0,0,0.20600709828947406,0.13773582506392823,0.13562034890055655,False,6.72749568,0.0
1758017582.1880746,106,"{'r': 0.7587928893000568, 'l': 4, 't': 1758017580.7476766}",0.4549007740588175,0.20885514275751305,0.2550305673793014,64.14309757153622,8.053233427423033,15.025038565670775,58.362572727810154,-100.0,87.91456871087797,0,0,0,0,0,0,0,0,0,0,0,0,0.25,0.15,0.35,0.2333826218277771,0,0.22791308,0.26575953,0.11309299,0.0,0.6839343,0.010570882,-0.16925377,1.0,-0.4273705,0.07021537,0.0,0,0.4096140043909584,0.31132649038982735,0.1431738866865635,False,6.719238144,0.0
1758017582.2897284,107,11,0.4657275074761252,0.21594750224499942,0.27495889253216205,1.2992080100769177,0.8510831384983655,2.3913990183432783,90.17083628088926,67.13902394078833,-36.49964075333041,0,0,0,0,0,0,0,0,0,0,0,0,0.25,0.15,0.35,0.23773640517223157,0,0.12293765,0.65000117,0.0,0.27933234,-0.837957,1.0,-0.6826964,-0.81648064,-1.0,1.0,0.0,0,0.37706747831760107,0.3046224841660088,0.13816194981336594,False,6.729818112,0.0
1758017582.3912997,108,11,0.49372330520549496,0.08751697083418272,0.3223341487788878,3.359495727524374,-15.411663769298006,5.6850307496070895,-87.98825502707024,90.03273476041352,64.62994430240344,0,0,0,0,0,0,0,0,0,0,0,0,0.25,0.15,0.35,0.2531216659194071,0,0.0,0.0,1.0,0.6913645,-1.0,-0.70512956,-0.7661443,-0.8708938,1.0,-0.351979,0.0,0,0.33018914908296193,0.28206765383607474,0.13097214907407762,False,6.717247488,0.0
1758017582.4930124,109,11,0.7654378262596109,0.13738436210723212,0.1120839851176623,32.60574252649392,5.984086952765928,-25.23001963934706,75.39300547220134,66.13212357607864,-95.99986780837011,0,0,0,0,0,0,0,0,0,0,0,0,0.25,0.15,0.35,0.5678374214475187,0,0.0,0.33141845,0.5553075,0.019571155,-0.6435608,0.63790524,-0.2563656,0.42398107,-0.23727478,-1.0,0.0,0,0.1350457360171187,0.05847317907441737,0.13980415776371954,False,6.701477888,0.0
1758017582.7060719,110,"{'r': 0.4842132062146676, 'l': 3, 't': 1758017581.1605818}",0.8472397035245327,0.043496848379808564,0.03078132036248793,9.816225271790614,-11.266501647290827,-9.756319770620923,100.0,16.640179287663912,77.96381598696773,0,0,0,0,0,0,0,0,0,0,0,0,0.25,0.15,0.35,0.6855207875773146,0,0.33898163,0.0,0.16316265,0.51091623,-0.23377424,-0.71588653,0.6918092,0.09442959,-1.0,0.8227109,0.0,0,0.1055060316746127,0.03246463493751401,0.1386030685901642,False,6.717702144,0.0
1758017582.8080988,111,12,-0.007516944681023792,-0.0021608281232678387,0.09118842594144769,-0.905322485013947,-0.2571768820901854,0.6017413757758922,0.14202764888563602,-17.69455975858585,-8.26157884746162,0,0,0,0,0,0,0,0,0,0,0,0,0.25,0.15,0.35,0.39553928411685435,0,0.07141432,0.0,0.0,0.0,0.98458046,-1.0,-0.3529964,-0.05020637,-0.08088974,-1.0,0.0,0,0.23132745222193296,0.1383876573760539,0.1491965888813138,False,6.70953472,0.0
1758017582.909698,112,12,-0.07328855588594298,0.0005067981132651322,0.10105593707103648,-7.892593344590302,0.3201151483839565,1.1841013355506558,-8.264683925636305,-55.353223753909795,-42.81919780598157,0,0,0,0,0,0,0,0,0,0,0,0,0.25,0.15,0.35,0.4345536264314754,0,0.0,0.13957426,0.4868503,0.80290425,1.0,1.0,-0.87876856,0.696492,0.06178072,-0.3853665,0.0,0,0.18459830346747808,0.11386199522062708,0.1339200510084629,False,6.700920832,0.0
1758017583.0111725,113,"{'r': 0.3277222387990335, 'l': 2, 't': 1758017581.4698904}",-0.05980559114418078,-0.02126052638820939,0.05252742093028769,1.6179557690114639,-2.612078940176943,-5.823421936889854,77.32015543427957,-86.20507031161362,-46.09684536798688,0,0,0,0,0,0,0,0,0,0,0,0,0.25,0.15,0.35,0.46238469643939134,0,1.0,0.41814175,0.32659736,1.0,-0.037333235,0.53057855,1.0,-0.34634256,-0.30501875,0.18695691,0.0,0,0.149650356550856,0.0990705078143314,0.11912168562412262,False,6.692159488,0.0
1758017583.1128936,114,13,0.03938493661085627,-0.006548373958332406,0.08134995240218855,11.902863330604445,1.7654582915852381,3.458703776628103,4.103002537279732,44.31384592414306,-100.0,0,0,0,0,0,0,0,0,0,0,0,0,0.25,0.15,0.35,0.37555152294953786,0,0.5390417,0.48476487,1.0,0.6737368,-0.70058846,-1.0,1.0,0.36457065,0.21655817,-0.38364014,0.0,0,0.21668907639072743,0.15293265548036905,0.11965263694524765,False,6.700158976,0.0
1758017583.2145634,115,13,0.005671891984200705,-0.17783725710622644,0.10326359009624508,-4.045565355198668,-20.554665977747284,2.629636523286784,27.723739134093435,-51.73953382303706,-75.7213899836861,0,0,0,0,0,0,0,0,0,0,0,0,0.25,0.15,0.35,0.4775482671790443,0,1.0,0.0,0.0,0.17370355,1.0,-1.0,-0.8716461,1.0,-0.8696913,-0.34764767,0.0,0,0.1466823470097287,0.09183687845880824,0.13679583504796028,False,6.71107072,0.0
1758017583.3162885,116,13,-0.021188530257946522,-0.3532787817110203,0.1269652495436847,-3.223250669057667,-21.05298295257526,2.8441991336927543,71.21838125499974,-38.74874604161535,61.64844038243645,0,0,0,0,0,0,0,0,0,0,0,0,0.25,0.15,0.35,0.6136589044209371,0,1.0,1.0,0.0,1.0,0.5588303,1.0,-0.24154742,1.0,0.98411435,-1.0,0.0,0,0.07933677326179968,0.046500392660870415,0.11624999999999999,False,6.711300096,0.0
1758017583.5278282,117,13,0.7897942388235715,-0.5642090678575735,-0.17654199855851976,97.31793228978216,-25.311634337586383,-36.42086977226454,100.0,13.802179673832242,89.78848520135512,0,0,0,0,0,0,0,0,0,0,0,0,0.25,0.15,0.35,1.0386139268867443,0,0.0,0.2262322,0.0025503635,0.20631781,-0.16257429,0.3606749,-0.8283039,1.0,0.05536142,-1.0,0.0,0,0.07971885429085274,0.005554929015646189,0.14510512076318263,False,6.728941568,0.0
1758017583.6297965,118,13,-0.0091670408728986,-0.0103227936475438,0.10236396140225641,-1.1033340280389239,-1.2366127450033009,1.9428056310729396,-0.02281413864955084,-62.12495273298937,-24.60781397335856,0,0,0,0,0,0,0,0,0,0,0,0,0.25,0.15,0.35,0.39267615263745104,0,0.4271437,0.9901977,0.78781843,0.64092255,1.0,-1.0,1.0,0.4868343,-0.3528346,-0.01139834,0.0,0,0.2115179915780298,0.14038301602547087,0.1179815724492073,False,6.728065024,0.0
1758017583.8541503,119,13,0.14818565915619047,-0.053393314202622603,-0.24793779282634615,18.88232400349069,-5.168462466609457,-42.03621050743231,-72.43033303756657,-100.0,-100.0,0,0,0,0,0,0,0,0,0,0,0,0,0.25,0.15,0.35,0.6397379184899302,0,0.9597124,0.8544724,0.33371586,0.54849803,-1.0,0.5807918,0.76104367,0.62078464,-0.25429708,0.21052118,0.0,0,0.0983471164030402,0.04081565409129554,0.11966551423072813,False,6.731689984,0.0
1758017583.955992,120,13,-0.004368407898563459,-0.0034784133581987117,0.09434174286439674,-0.527498071118707,-0.4152871102818902,0.9801394065297792,0.08283471660540975,-30.12273924691086,-18.590427163506348,0,0,0,0,0,0,0,0,0,0,0,0,0.25,0.15,0.35,0.39194394337126104,0,0.0,1.0,0.5053182,0.0,-0.11591976,0.6639522,-0.5070889,1.0,0.50217354,0.3192833,0.0,0,0.22519649801116298,0.14089790669541663,0.1330651706457138,False,6.731689984,0.0
1758017584.0576737,121,13,-0.029990274997340638,0.0005889236903693718,0.09618786956119413,-3.0746240518532613,0.48808044582817,0.22153520361568724,-4.9241820818949265,-30.919833283430734,-0.23801371718665365,0,0,0,0,0,0,0,0,0,0,0,0,0.25,0.15,0.35,0.40637276160561514,0,0.0,1.0,0.2892885,0.19553027,1.0,1.0,-0.54990536,0.010988273,-1.0,0.15974872,0.0,0,0.2157964919013048,0.1310909649235273,0.13329578831791877,False,6.73191936,0.0
1758017584.1593695,122,13,-0.0552865648875176,0.005426115397694897,0.09091910131607352,-3.035554786821235,0.5804630048790631,-0.6322521894144728,-5.726401685470016,-30.939835675089228,-0.581573452997489,0,0,0,0,0,0,0,0,0,0,0,0,0.25,0.15,0.35,0.42570460048335407,0,0.5916074,0.9219022,0.68725026,0.415307,1.0,1.0,1.0,1.0,-0.27156967,-0.69337094,0.0,0,0.18223601435126427,0.11901294593514565,0.12056924700736998,False,6.731923456,0.0
1758017584.3654068,123,"{'r': 2.2253207960612644, 'l': 9, 't': 1758017582.494182}",0.2705486973324731,0.00677113995857738,-0.28251712655020794,39.10023146639889,0.1614029473058979,-44.812347343953775,49.35904055582662,-89.68209626075644,-48.19818104616586,0,0,0,0,0,0,0,0,0,0,0,0,0.25,0.15,0.35,0.6488564330344261,0,0.0,0.6605723,0.0,0.0,1.0,0.1628207,1.0,-0.8747918,0.4558039,0.021386027,0.0,0,0.11600482427215743,0.03899654739236999,0.142568561732769,False,6.764437504,0.0
1758017584.467252,124,14,-0.0045447868381829825,-0.006140000947586047,0.09463505704713816,-0.5486635438730497,-0.7346776210083703,1.0153371084587492,0.09525083053534011,-31.56538150172001,-27.55902760648428,0,0,0,0,0,0,0,0,0,0,0,0,0.25,0.15,0.35,0.3929172972671559,0,0.0,0.33946353,0.609908,0.6096629,0.26981014,1.0,0.65937436,-0.2989392,-0.47316465,0.26642826,0.0,0,0.23473294443495304,0.14021385497458014,0.13246086359024048,False,6.764695552,0.0
1758017584.5688376,125,14,-0.04409462209536076,0.009347253964336822,0.10029753236634444,-4.745980230861333,1.858470589430744,0.6794970383047527,-16.055622878363266,-30.284330422326278,-30.783243351066766,0,0,0,0,0,0,0,0,0,0,0,0,0.25,0.15,0.35,0.4106411621539207,0,1.0,0.24954352,0.0,0.73412764,-1.0,-0.5437423,-0.6867319,-0.3492193,0.9951328,-1.0,0.0,0,0.17319242972943505,0.12832286465975964,0.12768369913101196,False,6.76517888,0.0
1758017584.7760098,126,14,0.07492341402016146,0.042515159274801095,-0.271376037462727,14.282164333862667,3.980148637255713,-44.60082837948857,85.10283814963361,-63.49831351403043,-62.33572224910155,0,0,0,0,0,0,0,0,0,0,0,0,0.25,0.15,0.35,0.6544562490166608,0,0.0,1.0,0.7771925,0.51470065,-0.36109537,0.25179535,0.417347,0.64999366,-0.037009317,-0.9391935,0.0,0,0.08603926846842799,0.037919823919344314,0.12421620368957519,False,6.771224576,0.0
1758017584.87764,127,14,-0.012375993958508769,-0.004890597173417415,0.10006815730962303,-1.488408398312144,-0.5847491681081345,1.6673091399569335,0.014930677771522127,-53.48246257815454,-17.497994455343587,0,0,0,0,0,0,0,0,0,0,0,0,0.25,0.15,0.35,0.3940789074399448,0,0.40138018,0.012023658,1.0,0.0,-0.5619819,1.0,-0.42979017,-0.07225896,0.10357794,-0.68003935,0.0,0,0.22595842874986793,0.13940184614998963,0.13409920647740364,False,6.771970048,50.0
1758017585.0875843,128,14,0.07630977151425056,-0.03841746881383673,-0.18408818105272323,10.64229185673112,-4.0232245968503175,-34.09876060348155,-100.0,-100.0,-63.16102041015229,0,0,0,0,0,0,0,0,0,0,0,0,0.25,0.15,0.35,0.5923846918733225,0,1.0,0.0,0.89578784,0.83724123,0.25572622,-0.9693851,-0.8447083,-0.08148234,0.46622247,0.5909568,0.0,0,0.10220192383672429,0.05171934138681128,0.11925342231988906,False,6.776889344,50.0
1758017585.1892176,129,14,-0.004585662084155612,-0.011172377814065696,0.10007928772643156,-0.5535685733897653,-1.3385628449859284,1.6686447899739572,0.04343658170969533,-52.89780509497284,-28.914644768195657,0,0,0,0,0,0,0,0,0,0,0,0,0.25,0.15,0.35,0.39147254965373446,0,1.0,0.45068815,0.78373754,0.64680135,0.6360353,0.5888011,0.71898735,0.17380588,0.12822536,1.0,0.0,0,0.21649201029345988,0.14123039030835624,0.11758619606494904,False,6.77869568,0.0
1758017585.2907727,130,14,-0.013710466811115657,-0.0021650790308346077,0.07494735986925741,-1.0949765672352054,1.0808758539877306,-3.015831342860898,-55.69122426223288,-93.47323199050703,-61.263327631310986,0,0,0,0,0,0,0,0,0,0,0,0,0.25,0.15,0.35,0.4103064420955251,0,0.06946668,0.5728767,0.7909242,0.4569109,-0.5229074,-0.749661,-0.54301494,0.9529494,-0.27425435,-1.0,0.0,0,0.18012475488524948,0.12853780565600906,0.1287354925274849,False,6.778925056,0.0
1758017585.4986749,131,"{'r': 1.0880031631933755, 'l': 7, 't': 1758017583.317418}",0.10425181280957631,-0.21637032557642716,0.04198645832697472,14.155473554483036,-25.704629585471107,-3.955308185073922,59.44914699812564,-97.1406967397132,-83.16912968877182,0,0,0,0,0,0,0,0,0,0,0,0,0.25,0.15,0.35,0.5003419744397151,0,0.681457,0.16681823,0.78643394,0.36488923,-1.0,-0.14271195,0.8250546,-0.015057296,0.1339432,1.0,0.0,0,0.14313115018873182,0.08194476369290321,0.12750451818108557,False,6.787956736,0.0
1758017585.6003172,132,15,-0.006325077733826136,-0.0062394903394626,0.09307355484732108,-0.7622984513502282,-0.7466163480335567,0.8279568444806998,0.10541949797151506,-25.36865636076183,-26.46951391976573,0,0,0,0,0,0,0,0,0,0,0,0,0.25,0.15,0.35,0.39512595717768223,0,0.17233491,0.24448308,0.0,0.52726936,0.6164832,-0.73048717,-0.5428806,0.7157213,-0.17471687,1.0,0.0,0,0.23168331697748662,0.13867394983933928,0.13937901690602303,False,6.787956736,0.0
1758017585.7019215,133,15,-0.025384431250251933,-0.0018965376215362593,0.09545676489943197,-2.2871224219710955,0.5211543261511609,0.2859852062533079,-5.294061174236788,-23.055043600267837,-0.3494156337508798,0,0,0,0,0,0,0,0,0,0,0,0,0.25,0.15,0.35,0.40460029863051084,0,0.50110006,0.73333555,0.8726028,0.0,-0.4198422,0.34160763,1.0,0.055921752,0.48918477,0.21986865,0.0,0,0.18784951657134705,0.13225789755660708,0.12629581689834593,False,6.78060032,0.0
1758017585.803519,134,"{'r': 0.30986510798107003, 'l': 2, 't': 1758017583.630919}",-0.11544023878273513,0.019145463297220697,0.08630355175827333,-10.806696903897985,2.525040110250835,-1.0983855769390374,-25.253486026412958,-100.0,-1.3318745716171776,0,0,0,0,0,0,0,0,0,0,0,0,0.25,0.15,0.35,0.4692603698508783,0,0.7137611,0.323436,0.65748537,0.8539041,-0.90917224,0.6539359,-0.77055913,1.0,0.26012143,1.0,0.0,0,0.15216699376993673,0.09572250470810428,0.12132840067148208,False,6.78449152,0.0
1758017585.905312,135,16,-0.039176424351122396,0.05961294005308092,0.13709119966639788,9.151657731793527,4.8560972107032265,6.094517748974946,65.3638707318888,-100.0,-78.21287992263072,0,0,0,0,0,0,0,0,0,0,0,0,0.25,0.15,0.35,0.3703012047858365,0,1.0,0.0,0.5785323,0.23834595,0.6955176,0.29145145,1.0,-1.0,0.8957604,-0.9564001,0.0,0,0.20029328829745957,0.1570005416045637,0.12956012025475502,False,6.784483328,0.0
1758017586.0068526,136,16,-0.08303473311563334,-0.0180960799340482,0.2786186155343717,-5.262997051741313,-9.325082398455494,16.983289904156862,65.9394679978314,88.03123390490654,82.57286445448126,0,0,0,0,0,0,0,0,0,0,0,0,0.25,0.15,0.35,0.37982065188562997,0,0.0,0.62834334,0.9388449,0.0,0.063604675,0.7836966,-0.19090128,-1.0,-0.76987576,0.6707628,0.0,0,0.2033724666987078,0.14970280362707541,0.13236913204193115,False,6.788583424,0.0
1758017586.1083906,137,16,0.1534014245580204,-0.10964346049922435,0.1761573283867442,28.372338920838448,-10.985685667821139,-12.295354457715304,62.25662426794614,78.23193031321665,-91.32902073205123,0,0,0,0,0,0,0,0,0,0,0,0,0.25,0.15,0.35,0.32705853578689303,0,1.0,1.0,0.4705939,0.4369357,-0.32602635,0.7102913,-0.15815969,-0.8033161,-0.78427786,-0.45711508,0.0,0,0.25299544400537827,0.19489532119596814,0.11729029208421707,False,6.792421376,0.0
1758017586.3180676,138,16,0.20311634550893276,-0.14537002213978528,0.033605936545419546,5.965790514109485,-4.287187396867313,-17.106167020958956,87.52386761648292,50.84691871628769,-61.53453813958994,0,0,0,0,0,0,0,0,0,0,0,0,0.25,0.15,0.35,0.4353696480309532,0,0.24756902,0.33812925,0.49592164,0.57214004,-1.0,-0.67315084,0.21273512,-1.0,-1.0,1.0,0.0,0,0.1798871617619956,0.11339837244200354,0.13139520049095155,False,7.086993408,0.0
1758017586.4197295,139,"{'r': 0.7392338285358895, 'l': 4, 't': 1758017584.1604245}",-0.009582845997523006,-0.0070872785967551685,0.09566433430038294,-1.1532306429938526,-0.848350938908665,1.1388503788481232,0.0329001732203178,-35.44657001186742,-25.955280580918412,0,0,0,0,0,0,0,0,0,0,0,0,0.25,0.15,0.35,0.39591198249102755,0,0.20644686,0.22032356,0.29520655,0.8223101,-0.62527674,-0.30496907,-0.48114565,0.64027804,-0.9290553,-0.33726627,0.0,0,0.23039801184091122,0.13813001323494467,0.13262677028775216,False,7.08769792,50.0
1758017586.521443,140,17,0.0020710202884714896,-0.00947122969067337,0.09582273499612702,1.3984639543193396,-0.2860741312701842,0.019008083489289618,2.8794970537718285,14.047042732058713,0.26382955605993175,0,0,0,0,0,0,0,0,0,0,0,0,0.25,0.15,0.35,0.3892376319482792,0,0.46544957,0.36695367,0.603288,0.3384204,1.0,0.32389116,0.46550635,-0.6874383,-0.33412385,0.41586044,0.0,0,0.21195698006207797,0.1428174325650439,0.1300412441790104,False,7.092854784,0.0
1758017586.623147,141,17,-0.09362146716438632,0.011810980467419803,0.10910497283696276,-11.483098494342938,2.553865218971181,1.5938685409002886,-26.119597759760325,-100.0,-2.004527678403562,0,0,0,0,0,0,0,0,0,0,0,0,0.25,0.15,0.35,0.44181707971451456,0,0.19793075,0.4762305,1.0,0.08440477,-0.6284488,-1.0,0.51684535,0.2736172,1.0,-1.0,0.0,0,0.17082445849963823,0.10980102678128881,0.13021613359451292,False,7.093313536,0.0
1758017586.7267506,142,17,0.003688022507869107,0.0032340445234504724,0.23205954967362943,11.677138760670651,-1.0292323132763197,14.754549220400001,71.45791867267978,49.16082385318209,-73.82498596920061,0,0,0,0,0,0,0,0,0,0,0,0,0.25,0.15,0.35,0.3100319108837276,0,0.044716567,0.0,0.48920402,0.9855317,0.3282414,-0.4213797,0.12530114,0.7318521,-0.83154714,-0.5964918,0.0,0,0.27685518745453874,0.2122141114261917,0.13290616124868393,False,7.084425216,100.0
1758017586.8287516,143,"{'r': 0.49396464263281614, 'l': 3, 't': 1758017584.5698152}",0.06086354674722056,0.03625907537952279,0.23095744363457496,6.861062908722174,3.9630037027286775,-0.13225272468653637,-95.47706793853733,82.78666671589981,-49.968900159551396,0,0,0,0,0,0,0,0,0,0,0,0,0.25,0.15,0.35,0.2507602961167842,0,0.80013907,0.20264879,0.32350874,0.4389751,0.23455057,1.0,0.9649452,-0.13350545,0.10352773,0.6291239,0.0,0,0.3505171026062307,0.2854177219938574,0.13014069378376006,False,7.08849664,50.0
1758017586.930395,144,18,0.1420685265698551,-0.021214334195752346,0.2419278700243152,9.744597578716146,-6.896809149033016,1.316451166768828,-100.0,-90.76399262367684,-47.65020469959086,0,0,0,0,0,0,0,0,0,0,0,0,0.25,0.15,0.35,0.22944092152093998,0,0.19162056,1.0,0.7331618,0.0,-0.16155873,-1.0,0.13319552,-0.18127628,-0.12677312,-0.35918838,0.0,0,0.3764221145369834,0.317523131684286,0.12834619805216788,False,7.090016256,0.0
1758017587.0329068,145,18,0.16286093636518795,-0.04350868395534542,0.2517115467803284,2.495089175439941,-2.675321971151169,1.174041210721588,-97.18043201368869,-70.05214798646621,-85.13885629347352,0,0,0,0,0,0,0,0,0,0,0,0,0.25,0.15,0.35,0.23387912949555192,0,0.5145272,0.5239824,0.0,0.9171215,-1.0,0.6007906,-0.8096703,-1.0,0.9586269,0.79553175,0.0,0,0.35784254767913715,0.3105545690001954,0.12799914970993995,False,7.085195264,0.0
1758017587.1347342,146,"{'r': 0.3281603525865922, 'l': 2, 't': 1758017584.8786433}",-0.014454528235828434,-0.002956212699893067,0.3208219268708654,-21.277855752121965,4.866296550654282,8.293245610864439,-90.71731480178259,-60.698236021582474,57.04701691417145,0,0,0,0,0,0,0,0,0,0,0,0,0.25,0.15,0.35,0.3068927507443906,0,0.19006723,0.43288657,0.5241883,1.0,1.0,1.0,-0.99363834,-0.28363267,1.0,-0.6250143,0.0,0,0.27901186725215943,0.21557125946598082,0.1258446532487869,False,7.085449216,100.0
1758017587.238914,147,19,-0.04009997632018113,0.0017264960762610583,0.36645718039117015,-3.0774537701223226,0.5619250531384951,5.476230422436567,-51.21517675652531,-56.355433155355136,58.179965314708,0,0,0,0,0,0,0,0,0,0,0,0,0.25,0.15,0.35,0.3262113839417935,0,0.49510783,0.4484539,0.6049125,1.0,1.0,-0.14182936,0.10702518,0.23932222,0.333285,-0.71944886,0.0,0,0.27580124972509157,0.19572260169433367,0.12132966399192809,False,7.085678592,0.0
1758017587.3409393,148,19,-0.11266913093399258,0.05393430739734955,0.4023348622570435,-8.708298553657375,6.264937358530619,4.305321823904808,100.0,-89.79691394091336,78.06482486772015,0,0,0,0,0,0,0,0,0,0,0,0,0.25,0.15,0.35,0.37880925758897194,0,0.64083105,0.29035187,1.0,0.98161113,0.097885214,0.21586901,-0.9388504,0.68842995,-0.029666703,0.2783631,0.0,0,0.2239993439115351,0.1504617638386553,0.11723106622695922,False,7.085907968,0.0
1758017587.4425514,149,19,0.020244213561176228,-0.12847543983922557,0.24172792693165715,15.949601339420257,-21.889169668389016,-19.272832239046362,100.0,-46.64072214245225,-69.54614156410656,0,0,0,0,0,0,0,0,0,0,0,0,0.25,0.15,0.35,0.376907327870246,0,0.8580433,1.0,0.40079507,0.5166315,-0.46285444,0.05490137,1.0,0.1019067,-0.99372554,0.88404477,0.0,0,0.20222509281644988,0.15189942734251188,0.11877596497535706,False,7.085907968,0.0
1758017587.5441995,150,"{'r': 0.5397479153674412, 'l': 3, 't': 1758017585.2917402}",0.040636858077443244,-0.048598563706216985,0.18002209830702057,2.447117341952042,9.58522513596103,-7.404699434956391,-83.07438205422898,71.29837265763646,45.87674302636489,0,0,0,0,0,0,0,0,0,0,0,0,0.25,0.15,0.35,0.3349131256994941,0,0.5942141,0.15516144,0.5129264,0.0,0.57430834,-1.0,1.0,-0.42719713,-0.119314685,-1.0,0.0,0,0.25249231183159415,0.18738955849039618,0.13579910337924955,False,7.085907968,0.0
1758017587.646074,151,20,0.07569356292716872,-0.16124333955189935,0.12647752174856405,4.206804581967058,-13.517373101481882,-6.425349187014782,50.43324120499967,-44.29852208060748,-8.275478527883543,0,0,0,0,0,0,0,0,0,0,0,0,0.25,0.15,0.35,0.4209720284105672,0,0.0,0.7365964,0.0,1.0,-0.5350084,0.46191904,-0.47350034,1.0,1.0,0.04100743,0.0,0,0.1637255163699598,0.12186271654667563,0.13046329110860824,False,7.083040768,0.0
1758017587.7480972,152,20,0.04127983787060779,-0.0923904235082804,0.1504736871778076,-4.129647006787312,8.262349925234274,2.879539851509226,-76.67936378715127,66.6484891416668,38.62692910403459,0,0,0,0,0,0,0,0,0,0,0,0,0.25,0.15,0.35,0.37699863792361726,0,0.0,0.86153567,0.0,0.0,0.008601982,-1.0,0.3988359,-1.0,-1.0,-0.32249427,0.0,0,0.20897913340077895,0.15183009344683193,0.14030772373080252,False,7.080361984,0.0
1758017587.7480972,152,20,0.04127983787060779,-0.0923904235082804,0.1504736871778076,-4.129647006787312,8.262349925234274,2.879539851509226,-76.67936378715127,66.6484891416668,38.62692910403459,0,0,0,0,0,0,0,0,0,0,0,0,0.25,0.15,0.35,0.37699863792361726,0,0.0,0.86153567,0.0,0.0,0.008601982,-1.0,0.3988359,-1.0,-1.0,-0.32249427,0.0,0,0.20897913340077895,0.15183009344683193,0.14030772373080252,False,7.080361984,0.0
1758017587.7480972,152,20,0.04127983787060779,-0.0923904235082804,0.1504736871778076,-4.129647006787312,8.262349925234274,2.879539851509226,-76.67936378715127,66.6484891416668,38.62692910403459,0,0,0,0,0,0,0,0,0,0,0,0,0.25,0.15,0.35,0.37699863792361726,0,0.0,0.86153567,0.0,0.0,0.008601982,-1.0,0.3988359,-1.0,-1.0,-0.32249427,0.0,0,0.20897913340077895,0.15183009344683193,0.14030772373080252,False,7.080361984,0.0
1758017587.7480972,152,20,0.04127983787060779,-0.0923904235082804,0.1504736871778076,-4.129647006787312,8.262349925234274,2.879539851509226,-76.67936378715127,66.6484891416668,38.62692910403459,0,0,0,0,0,0,0,0,0,0,0,0,0.25,0.15,0.35,0.37699863792361726,0,0.0,0.86153567,0.0,0.0,0.008601982,-1.0,0.3988359,-1.0,-1.0,-0.32249427,0.0,0,0.20897913340077895,0.15183009344683193,0.14030772373080252,False,7.080361984,0.0
1758017587.7480972,152,20,0.04127983787060779,-0.0923904235082804,0.1504736871778076,-4.129647006787312,8.262349925234274,2.879539851509226,-76.67936378715127,66.6484891416668,38.62692910403459,0,0,0,0,0,0,0,0,0,0,0,0,0.25,0.15,0.35,0.37699863792361726,0,0.0,0.86153567,0.0,0.0,0.008601982,-1.0,0.3988359,-1.0,-1.0,-0.32249427,0.0,0,0.20897913340077895,0.15183009344683193,0.14030772373080252,False,7.080361984,0.0
1758017587.7480972,152,20,0.04127983787060779,-0.0923904235082804,0.1504736871778076,-4.129647006787312,8.262349925234274,2.879539851509226,-76.67936378715127,66.6484891416668,38.62692910403459,0,0,0,0,0,0,0,0,0,0,0,0,0.25,0.15,0.35,0.37699863792361726,0,0.0,0.86153567,0.0,0.0,0.008601982,-1.0,0.3988359,-1.0,-1.0,-0.32249427,0.0,0,0.20897913340077895,0.15183009344683193,0.14030772373080252,False,7.080361984,0.0
1758017587.7480972,152,"{'r': 1.4082481880823114, 'l': 7, 't': 1758017586.1093676}",0.04127983787060779,-0.0923904235082804,0.1504736871778076,-4.129647006787312,8.262349925234274,2.879539851509226,-76.67936378715127,66.6484891416668,38.62692910403459,0,0,0,0,0,0,0,0,0,0,0,0,0.25,0.15,0.35,0.37699863792361726,0,0.0,0.86153567,0.0,0.0,0.008601982,-1.0,0.3988359,-1.0,-1.0,-0.32249427,0.0,0,0.20897913340077895,0.15183009344683193,0.14030772373080252,False,7.080361984,0.0
1758017587.7480972,152,21,0.04127983787060779,-0.0923904235082804,0.1504736871778076,-4.129647006787312,8.262349925234274,2.879539851509226,-76.67936378715127,66.6484891416668,38.62692910403459,0,0,0,0,0,0,0,0,0,0,0,0,0.25,0.15,0.35,0.37699863792361726,0,0.0,0.86153567,0.0,0.0,0.008601982,-1.0,0.3988359,-1.0,-1.0,-0.32249427,0.0,0,0.20897913340077895,0.15183009344683193,0.14030772373080252,False,7.080361984,0.0
1758017587.7480972,152,21,0.04127983787060779,-0.0923904235082804,0.1504736871778076,-4.129647006787312,8.262349925234274,2.879539851509226,-76.67936378715127,66.6484891416668,38.62692910403459,0,0,0,0,0,0,0,0,0,0,0,0,0.25,0.15,0.35,0.37699863792361726,0,0.0,0.86153567,0.0,0.0,0.008601982,-1.0,0.3988359,-1.0,-1.0,-0.32249427,0.0,0,0.20897913340077895,0.15183009344683193,0.14030772373080252,False,7.080361984,0.0
1758017587.7480972,152,21,0.04127983787060779,-0.0923904235082804,0.1504736871778076,-4.129647006787312,8.262349925234274,2.879539851509226,-76.67936378715127,66.6484891416668,38.62692910403459,0,0,0,0,0,0,0,0,0,0,0,0,0.25,0.15,0.35,0.37699863792361726,0,0.0,0.86153567,0.0,0.0,0.008601982,-1.0,0.3988359,-1.0,-1.0,-0.32249427,0.0,0,0.20897913340077895,0.15183009344683193,0.14030772373080252,False,7.080361984,0.0
1758017587.7480972,152,21,0.04127983787060779,-0.0923904235082804,0.1504736871778076,-4.129647006787312,8.262349925234274,2.879539851509226,-76.67936378715127,66.6484891416668,38.62692910403459,0,0,0,0,0,0,0,0,0,0,0,0,0.25,0.15,0.35,0.37699863792361726,0,0.0,0.86153567,0.0,0.0,0.008601982,-1.0,0.3988359,-1.0,-1.0,-0.32249427,0.0,0,0.20897913340077895,0.15183009344683193,0.14030772373080252,False,7.080361984,0.0
1758017587.7480972,152,21,0.04127983787060779,-0.0923904235082804,0.1504736871778076,-4.129647006787312,8.262349925234274,2.879539851509226,-76.67936378715127,66.6484891416668,38.62692910403459,0,0,0,0,0,0,0,0,0,0,0,0,0.25,0.15,0.35,0.37699863792361726,0,0.0,0.86153567,0.0,0.0,0.008601982,-1.0,0.3988359,-1.0,-1.0,-0.32249427,0.0,0,0.20897913340077895,0.15183009344683193,0.14030772373080252,False,7.080361984,0.0
1758017587.7480972,152,21,0.04127983787060779,-0.0923904235082804,0.1504736871778076,-4.129647006787312,8.262349925234274,2.879539851509226,-76.67936378715127,66.6484891416668,38.62692910403459,0,0,0,0,0,0,0,0,0,0,0,0,0.25,0.15,0.35,0.37699863792361726,0,0.0,0.86153567,0.0,0.0,0.008601982,-1.0,0.3988359,-1.0,-1.0,-0.32249427,0.0,0,0.20897913340077895,0.15183009344683193,0.14030772373080252,False,7.080361984,0.0
1758017587.7480972,152,21,0.04127983787060779,-0.0923904235082804,0.1504736871778076,-4.129647006787312,8.262349925234274,2.879539851509226,-76.67936378715127,66.6484891416668,38.62692910403459,0,0,0,0,0,0,0,0,0,0,0,0,0.25,0.15,0.35,0.37699863792361726,0,0.0,0.86153567,0.0,0.0,0.008601982,-1.0,0.3988359,-1.0,-1.0,-0.32249427,0.0,0,0.20897913340077895,0.15183009344683193,0.14030772373080252,False,7.080361984,0.0
1758017587.7480972,152,21,0.04127983787060779,-0.0923904235082804,0.1504736871778076,-4.129647006787312,8.262349925234274,2.879539851509226,-76.67936378715127,66.6484891416668,38.62692910403459,0,0,0,0,0,0,0,0,0,0,0,0,0.25,0.15,0.35,0.37699863792361726,0,0.0,0.86153567,0.0,0.0,0.008601982,-1.0,0.3988359,-1.0,-1.0,-0.32249427,0.0,0,0.20897913340077895,0.15183009344683193,0.14030772373080252,False,7.080361984,0.0
1758017587.7480972,152,21,0.04127983787060779,-0.0923904235082804,0.1504736871778076,-4.129647006787312,8.262349925234274,2.879539851509226,-76.67936378715127,66.6484891416668,38.62692910403459,0,0,0,0,0,0,0,0,0,0,0,0,0.25,0.15,0.35,0.37699863792361726,0,0.0,0.86153567,0.0,0.0,0.008601982,-1.0,0.3988359,-1.0,-1.0,-0.32249427,0.0,0,0.20897913340077895,0.15183009344683193,0.14030772373080252,False,7.080361984,0.0
1758017587.7480972,152,21,0.04127983787060779,-0.0923904235082804,0.1504736871778076,-4.129647006787312,8.262349925234274,2.879539851509226,-76.67936378715127,66.6484891416668,38.62692910403459,0,0,0,0,0,0,0,0,0,0,0,0,0.25,0.15,0.35,0.37699863792361726,0,0.0,0.86153567,0.0,0.0,0.008601982,-1.0,0.3988359,-1.0,-1.0,-0.32249427,0.0,0,0.20897913340077895,0.15183009344683193,0.14030772373080252,False,7.080361984,0.0
1758017587.7480972,152,21,0.04127983787060779,-0.0923904235082804,0.1504736871778076,-4.129647006787312,8.262349925234274,2.879539851509226,-76.67936378715127,66.6484891416668,38.62692910403459,0,0,0,0,0,0,0,0,0,0,0,0,0.25,0.15,0.35,0.37699863792361726,0,0.0,0.86153567,0.0,0.0,0.008601982,-1.0,0.3988359,-1.0,-1.0,-0.32249427,0.0,0,0.20897913340077895,0.15183009344683193,0.14030772373080252,False,7.080361984,0.0
1758017587.7480972,152,21,0.04127983787060779,-0.0923904235082804,0.1504736871778076,-4.129647006787312,8.262349925234274,2.879539851509226,-76.67936378715127,66.6484891416668,38.62692910403459,0,0,0,0,0,0,0,0,0,0,0,0,0.25,0.15,0.35,0.37699863792361726,0,0.0,0.86153567,0.0,0.0,0.008601982,-1.0,0.3988359,-1.0,-1.0,-0.32249427,0.0,0,0.20897913340077895,0.15183009344683193,0.14030772373080252,False,7.080361984,0.0
1758017587.7480972,152,21,0.04127983787060779,-0.0923904235082804,0.1504736871778076,-4.129647006787312,8.262349925234274,2.879539851509226,-76.67936378715127,66.6484891416668,38.62692910403459,0,0,0,0,0,0,0,0,0,0,0,0,0.25,0.15,0.35,0.37699863792361726,0,0.0,0.86153567,0.0,0.0,0.008601982,-1.0,0.3988359,-1.0,-1.0,-0.32249427,0.0,0,0.20897913340077895,0.15183009344683193,0.14030772373080252,False,7.080361984,0.0
1758017587.7480972,152,21,0.04127983787060779,-0.0923904235082804,0.1504736871778076,-4.129647006787312,8.262349925234274,2.879539851509226,-76.67936378715127,66.6484891416668,38.62692910403459,0,0,0,0,0,0,0,0,0,0,0,0,0.25,0.15,0.35,0.37699863792361726,0,0.0,0.86153567,0.0,0.0,0.008601982,-1.0,0.3988359,-1.0,-1.0,-0.32249427,0.0,0,0.20897913340077895,0.15183009344683193,0.14030772373080252,False,7.080361984,0.0
1758017587.7480972,152,21,0.04127983787060779,-0.0923904235082804,0.1504736871778076,-4.129647006787312,8.262349925234274,2.879539851509226,-76.67936378715127,66.6484891416668,38.62692910403459,0,0,0,0,0,0,0,0,0,0,0,0,0.25,0.15,0.35,0.37699863792361726,0,0.0,0.86153567,0.0,0.0,0.008601982,-1.0,0.3988359,-1.0,-1.0,-0.32249427,0.0,0,0.20897913340077895,0.15183009344683193,0.14030772373080252,False,7.080361984,0.0
