time/total_timesteps,time/fps,time/time_elapsed,time/iterations,train/value_loss,train/clip_fraction,train/entropy_loss,train/n_updates,train/explained_variance,train/clip_range,train/std,train/loss,train/approx_kl,train/learning_rate,train/policy_gradient_loss
2048,634,3,1,,,,,,,,,,,
4096,585,6,2,102036.35090332032,0.110009765625,-14.198768094182014,10,1.7762184143066406e-05,0.2,1.0012657642364502,50317.4765625,0.009082105,0.0003,-0.023458599123114255
6144,564,10,3,92021.95739746094,0.066455078125,-14.213989329338073,20,-0.007404923439025879,0.2,1.0034849643707275,51464.21875,0.007840883,0.0003,-0.015820290679403114
8192,546,14,4,63786.024914550784,0.021142578125,-14.222468647360802,30,0.015249669551849365,0.2,1.0031317472457886,33741.32421875,0.005323753,0.0003,-0.010281286176177674
10240,532,19,5,61463.1625,0.088427734375,-14.216198807954788,40,0.005973517894744873,0.2,1.002372145652771,34912.48046875,0.008998334,0.0003,-0.018447671236936004
12288,518,23,6,66253.38193359374,0.102099609375,-14.224330860376359,50,0.002488434314727783,0.2,1.0041499137878418,32186.505859375,0.010233721,0.0003,-0.02275223998876754
14336,507,28,7,81880.13508300782,0.099951171875,-14.244363543391227,60,-0.0010001659393310547,0.2,1.0069025754928589,41822.71484375,0.008809436,0.0003,-0.023083088506245984
16384,496,32,8,62490.50092773438,0.122314453125,-14.244312399625779,70,-2.300739288330078e-05,0.2,1.0042086839675903,30268.625,0.010772847,0.0003,-0.02525234554268536
18432,486,37,9,90367.84545898438,0.077978515625,-14.254624131321908,80,-3.62396240234375e-05,0.2,1.0083736181259155,45868.33203125,0.007849901,0.0003,-0.01811023796326481
20480,477,42,10,89489.05212402344,0.131298828125,-14.280191639065743,90,0.00012600421905517578,0.2,1.0099833011627197,45708.53515625,0.01170867,0.0003,-0.024729132860375102
22528,468,48,11,68922.98723144531,0.122705078125,-14.273559817671776,100,0.00024777650833129883,0.2,1.0076627731323242,35932.6171875,0.010962418,0.0003,-0.02579359824885614
24576,459,53,12,84564.6865234375,0.0837890625,-14.266469958424569,110,0.0001195669174194336,0.2,1.0077166557312012,40924.9140625,0.0082248375,0.0003,-0.020964325602108147
26624,451,59,13,88387.08024902343,0.104052734375,-14.279948776960373,120,5.930662155151367e-05,0.2,1.0105680227279663,44761.828125,0.010290542,0.0003,-0.024392978711694012
28672,443,64,14,83307.1525390625,0.0841796875,-14.30091136097908,130,-0.001083970069885254,0.2,1.0118414163589478,35961.83203125,0.008565155,0.0003,-0.023596141951566098
30720,435,70,15,68543.27587890625,0.132861328125,-14.312703457474708,140,7.551908493041992e-05,0.2,1.0124828815460205,30649.48828125,0.011015778,0.0003,-0.02966878524166532
32768,427,76,16,70544.6196899414,0.130322265625,-14.309481099247932,150,2.7239322662353516e-05,0.2,1.0118138790130615,39312.00390625,0.010791886,0.0003,-0.027885158016579224
34816,420,82,17,81014.11782226563,0.103466796875,-14.284580984711647,160,2.187490463256836e-05,0.2,1.008000373840332,41368.3046875,0.010071119,0.0003,-0.0263564749940997
36864,413,89,18,76931.9571899414,0.109716796875,-14.262791812419891,170,0.0012207627296447754,0.2,1.0075422525405884,41260.91015625,0.010554452,0.0003,-0.02581678376591299
38912,406,95,19,75162.08286132812,0.111376953125,-14.266775381565093,180,2.4199485778808594e-05,0.2,1.008086919784546,38133.265625,0.010777464,0.0003,-0.026636441401205958
40960,399,102,20,63839.99188232422,0.122119140625,-14.26585312783718,190,7.62939453125e-06,0.2,1.007733702659607,32626.14453125,0.012061289,0.0003,-0.030162111326353623
43008,393,109,21,76205.41750488282,0.133984375,-14.303514954447746,200,-8.344650268554688e-07,0.2,1.0150117874145508,36603.96875,0.011719949,0.0003,-0.029237844377348665
45056,386,116,22,84117.90510253907,0.11015625,-14.358465695381165,210,-1.1324882507324219e-05,0.2,1.0192192792892456,43363.828125,0.010881673,0.0003,-0.026441904169041665
47104,380,123,23,72546.04962158203,0.117041015625,-14.394934356212616,220,2.5033950805664062e-06,0.2,1.022850513458252,38434.671875,0.011298063,0.0003,-0.026672590043745004
49152,374,131,24,59613.149243164065,0.132275390625,-14.429294800758361,230,-6.496906280517578e-05,0.2,1.0253939628601074,28609.67578125,0.0119808465,0.0003,-0.029565133125288412
51200,368,139,25,96872.26740722657,0.112646484375,-14.440614169836044,240,-4.76837158203125e-07,0.2,1.0259019136428833,50429.9921875,0.010454424,0.0003,-0.02577163332462078
53248,362,146,26,70507.75750732422,0.13623046875,-14.444667914509774,250,9.5367431640625e-07,0.2,1.0260279178619385,31114.728515625,0.01336163,0.0003,-0.03230434626457281
55296,356,155,27,57778.87502441406,0.135986328125,-14.455747628211975,260,1.1920928955078125e-06,0.2,1.0283102989196777,28950.603515625,0.01251431,0.0003,-0.032601173166767694
57344,350,163,28,65236.04422607422,0.13427734375,-14.478860595822335,270,-5.245208740234375e-06,0.2,1.0303462743759155,34283.7578125,0.012216611,0.0003,-0.03236942182120402
59392,344,172,29,77383.22766113281,0.113623046875,-14.491862958669662,280,9.5367431640625e-06,0.2,1.0326824188232422,37305.12109375,0.011548064,0.0003,-0.02702779915271094
61440,339,180,30,81463.24932861328,0.128369140625,-14.524051547050476,290,-0.0002580881118774414,0.2,1.0357493162155151,39302.63671875,0.012300741,0.0003,-0.03034474198357202
63488,333,190,31,71401.21342773437,0.1376953125,-14.547084668278695,300,-0.0033189058303833008,0.2,1.038236379623413,34315.65234375,0.011839311,0.0003,-0.03074957619246561
65536,328,199,32,70678.13532714844,0.11884765625,-14.570603215694428,310,-4.291534423828125e-06,0.2,1.040025234222412,35960.6875,0.011812383,0.0003,-0.027309318910192816
67584,322,209,33,55554.901794433594,0.1458984375,-14.58818898499012,320,0.00010371208190917969,0.2,1.042494535446167,26034.603515625,0.013810473,0.0003,-0.031217229063622655
69632,317,219,34,69077.4017578125,0.155419921875,-14.612880077958106,330,-0.007647037506103516,0.2,1.0457531213760376,32416.880859375,0.014672837,0.0003,-0.03240728007076541
71680,312,229,35,75030.27392578125,0.1283203125,-14.623047748208046,340,-4.76837158203125e-07,0.2,1.0450769662857056,36595.41015625,0.011644492,0.0003,-0.02700342103053117
73728,306,240,36,56478.97794189453,0.1576171875,-14.616834989190101,350,-4.76837158203125e-07,0.2,1.0443400144577026,24933.345703125,0.013822144,0.0003,-0.034562688021105716
75776,301,250,37,66140.27276611328,0.136962890625,-14.624681967496873,360,1.3709068298339844e-06,0.2,1.0460872650146484,36564.00390625,0.01299623,0.0003,-0.03182717551535461
77824,297,261,38,73867.91568603515,0.12724609375,-14.630131477117539,370,-3.5762786865234375e-07,0.2,1.046164870262146,45164.12109375,0.012185585,0.0003,-0.028802841050492134
79872,291,273,39,80987.31638183593,0.109130859375,-14.669784715771675,380,0.0,0.2,1.0535178184509277,44165.828125,0.012598169,0.0003,-0.027569777084863745
81920,286,286,40,59707.17092285156,0.15029296875,-14.7184445977211,390,-1.1920928955078125e-07,0.2,1.0566763877868652,28166.310546875,0.014113646,0.0003,-0.03144724938465515
83968,280,299,41,62706.558093261716,0.162548828125,-14.754108288884163,400,0.0037841796875,0.2,1.0609352588653564,28014.966796875,0.015469732,0.0003,-0.0331300107689458
86016,275,312,42,46969.469891357425,0.1541015625,-14.768542298674584,410,-9.5367431640625e-07,0.2,1.0613481998443604,23481.833984375,0.01435098,0.0003,-0.03137864055170212
88064,270,325,43,46513.11176757813,0.15419921875,-14.788489961624146,420,-0.001070261001586914,0.2,1.0640290975570679,24010.251953125,0.013800049,0.0003,-0.03418635514535708
90112,265,338,44,53748.33763427734,0.1529296875,-14.818752577900886,430,-4.76837158203125e-07,0.2,1.0683318376541138,27034.1875,0.015315808,0.0003,-0.030978937276813667
92160,261,352,45,76557.94289550782,0.157421875,-14.8544821113348,440,2.980232238769531e-07,0.2,1.0725451707839966,41158.99609375,0.014128074,0.0003,-0.03123366455110954
94208,256,367,46,71544.49833984375,0.12333984375,-14.892641898989677,450,1.055002212524414e-05,0.2,1.077087640762329,41625.50390625,0.012039643,0.0003,-0.027468476248031948
96256,252,381,47,66348.14576416016,0.15830078125,-14.915179833769798,460,0.0,0.2,1.0774863958358765,35427.57421875,0.014727502,0.0003,-0.033625320880673826
98304,247,397,48,78501.38420410156,0.14453125,-14.941193333268165,470,-0.01917397975921631,0.2,1.081765055656433,39702.96875,0.013348147,0.0003,-0.029832641512621196
100352,243,412,49,77756.09552001953,0.146826171875,-14.970506918430328,480,2.384185791015625e-07,0.2,1.0841186046600342,37296.61328125,0.014163858,0.0003,-0.030207335646264256
102400,239,427,50,49829.76955566406,0.15830078125,-14.989354553818703,490,-1.1920928955078125e-07,0.2,1.0852097272872925,23714.19140625,0.01534858,0.0003,-0.03213796324125724
104448,235,443,51,46023.07321777344,0.160107421875,-14.989983296394348,500,0.0,0.2,1.0844461917877197,20439.2578125,0.013240382,0.0003,-0.033603124250657854
106496,230,461,52,55251.522399902344,0.150830078125,-14.978327244520187,510,1.1920928955078125e-07,0.2,1.083062767982483,28066.6953125,0.015574649,0.0003,-0.03281136830046307
108544,227,476,53,66265.07175292968,0.149462890625,-14.973752877116203,520,5.960464477539063e-08,0.2,1.083602786064148,27805.76171875,0.013074201,0.0003,-0.03242795639525866
110592,224,493,54,60204.29243164063,0.162744140625,-15.007611247897149,530,1.7881393432617188e-07,0.2,1.0889126062393188,31559.099609375,0.015489939,0.0003,-0.03162468164955499
112640,219,513,55,48047.0474975586,0.162890625,-15.031502896547318,540,0.0,0.2,1.0904054641723633,17907.0625,0.015014777,0.0003,-0.032615447424177546
114688,213,536,56,58915.5435546875,0.131005859375,-15.03997432589531,550,-1.1920928955078125e-07,0.2,1.0902347564697266,27201.78125,0.0127524305,0.0003,-0.02862998298369348
116736,208,560,57,55089.168139648435,0.143603515625,-15.03945971429348,560,0.0,0.2,1.0914074182510376,28439.748046875,0.013273889,0.0003,-0.03187069543200778
118784,201,588,58,53395.615783691406,0.148486328125,-15.051298078894614,570,-0.007737994194030762,0.2,1.0930798053741455,29429.90234375,0.0133008575,0.0003,-0.030880541779333727
120832,195,619,59,57960.95349121094,0.160205078125,-15.086319291591645,580,1.3709068298339844e-06,0.2,1.0977036952972412,25351.87109375,0.01458454,0.0003,-0.031830331159289925
122880,189,650,60,44533.65986328125,0.151318359375,-15.10743139386177,590,1.704692840576172e-05,0.2,1.0987343788146973,22755.19921875,0.014591739,0.0003,-0.02953980562160723
124928,183,681,61,59062.69693603516,0.162158203125,-15.143370860815049,600,-1.1920928955078125e-07,0.2,1.1046611070632935,27141.828125,0.015571959,0.0003,-0.03273940647777636
126976,178,712,62,55133.245336914064,0.147216796875,-15.168630430102349,610,0.0,0.2,1.1054821014404297,25339.51953125,0.01370292,0.0003,-0.030560905634774826
129024,173,743,63,56565.23621826172,0.14072265625,-15.183440479636193,620,0.0,0.2,1.108659029006958,22307.40625,0.013736019,0.0003,-0.02959512195084244
131072,169,775,64,27871.098883056642,0.193359375,-15.173096182942391,630,-2.384185791015625e-07,0.2,1.1035274267196655,12044.7158203125,0.017066976,0.0003,-0.03609877370472532
133120,164,808,65,47469.75290527344,0.147216796875,-15.173283630609513,640,5.960464477539063e-08,0.2,1.106475591659546,26497.484375,0.014374848,0.0003,-0.033879362540028525
135168,160,840,66,53635.44466552734,0.159521484375,-15.202088311314583,650,-1.1920928955078125e-07,0.2,1.109973430633545,25728.033203125,0.013789312,0.0003,-0.03344314367714105
137216,157,873,67,54992.21743164062,0.158251953125,-15.212651744484901,660,-3.5762786865234375e-07,0.2,1.1089410781860352,26886.408203125,0.014987834,0.0003,-0.03347214297973551
139264,154,900,68,62409.32724609375,0.126416015625,-15.231394958496093,670,-0.03171133995056152,0.2,1.113316535949707,29504.109375,0.0120603,0.0003,-0.02745519742165925
141312,153,923,69,59331.186206054685,0.156884765625,-15.283076259493829,680,4.0531158447265625e-06,0.2,1.1199699640274048,27882.765625,0.015390739,0.0003,-0.030870509248052257
143360,151,946,70,65746.50766601562,0.145751953125,-15.330436012148857,690,-3.5762786865234375e-07,0.2,1.124640703201294,35341.89453125,0.013735033,0.0003,-0.03247765417472692
145408,149,970,71,39325.844689941405,0.169140625,-15.385524436831474,700,-1.4424324035644531e-05,0.2,1.1310731172561646,19763.57421875,0.017133212,0.0003,-0.035881709918612614
147456,148,994,72,51556.489526367186,0.153955078125,-15.39882635474205,710,-5.364418029785156e-05,0.2,1.1295876502990723,27588.9296875,0.015291419,0.0003,-0.03337064853112679
149504,146,1019,73,40434.35531005859,0.182568359375,-15.4049934476614,720,0.0,0.2,1.1321556568145752,22023.837890625,0.015868917,0.0003,-0.033461538566916714
151552,144,1045,74,49745.44191894531,0.179052734375,-15.428417918086051,730,0.0,0.2,1.134933590888977,23850.140625,0.015900604,0.0003,-0.03671155519259628
153600,143,1073,75,60400.7931640625,0.1708984375,-15.452009254693985,740,1.1920928955078125e-07,0.2,1.136886715888977,30075.857421875,0.015424183,0.0003,-0.03377996768249432
155648,141,1101,76,53148.46944580078,0.167138671875,-15.464673468470574,750,0.0,0.2,1.13913893699646,26266.966796875,0.0152387675,0.0003,-0.03172949014842743
157696,138,1134,77,64563.27994384766,0.135791015625,-15.465489974617958,760,-2.1457672119140625e-06,0.2,1.1370583772659302,33362.9296875,0.012779573,0.0003,-0.02680906758614583
159744,137,1164,78,54307.823669433594,0.1767578125,-15.487062558531761,770,5.9604644775390625e-06,0.2,1.14217209815979,26634.001953125,0.016823458,0.0003,-0.03374232073983876
161792,135,1192,79,53809.09633789062,0.169970703125,-15.49654787182808,780,5.364418029785156e-07,0.2,1.1409939527511597,28788.359375,0.015159769,0.0003,-0.03379152748675551
163840,133,1223,80,52191.82723388672,0.1669921875,-15.5116176456213,790,0.0,0.2,1.144942283630371,26701.64453125,0.015350883,0.0003,-0.03609155924350489
165888,131,1261,81,36896.97573242187,0.20185546875,-15.54563837647438,800,-1.1920928955078125e-07,0.2,1.1475703716278076,15874.0537109375,0.018811785,0.0003,-0.0389494613133138
167936,129,1298,82,45125.99838867188,0.152783203125,-15.57168336212635,810,1.1920928955078125e-07,0.2,1.151869773864746,24353.244140625,0.014588728,0.0003,-0.029170215589692815
169984,127,1337,83,50222.12318115235,0.1826171875,-15.600628942251205,820,-0.0002492666244506836,0.2,1.1535046100616455,20332.8984375,0.015848378,0.0003,-0.03675017715140712
172032,124,1379,84,51762.793286132815,0.165478515625,-15.604295885562896,830,1.1920928955078125e-07,0.2,1.1542911529541016,23039.556640625,0.015324051,0.0003,-0.032584627997130154
174080,122,1422,85,55433.319396972656,0.169970703125,-15.622681468725204,840,-5.960464477539062e-07,0.2,1.1572585105895996,30010.296875,0.015762344,0.0003,-0.03294632824836299
176128,120,1466,86,58837.86313476563,0.181689453125,-15.649526005983352,850,0.0,0.2,1.1612632274627686,27695.25,0.017484818,0.0003,-0.03280875264754286
178176,117,1510,87,41514.34626464844,0.200830078125,-15.70899302661419,860,-3.5762786865234375e-07,0.2,1.168795108795166,17549.55859375,0.018681727,0.0003,-0.03462228258140385
180224,115,1554,88,50295.89221191406,0.170361328125,-15.750355461239815,870,-0.033670902252197266,0.2,1.171804428100586,26342.220703125,0.015994202,0.0003,-0.03325624442877597
182272,113,1600,89,51458.62463378906,0.1787109375,-15.771106600761414,880,-0.00020062923431396484,0.2,1.1751229763031006,27912.55859375,0.017404523,0.0003,-0.03136901717807632
184320,111,1646,90,48664.60711669922,0.174951171875,-15.774128177762032,890,0.0006741881370544434,0.2,1.173209547996521,24156.953125,0.014754704,0.0003,-0.03358356149401516
186368,110,1693,91,46003.15769042969,0.18193359375,-15.772804898023605,900,0.0014507174491882324,0.2,1.1740901470184326,23040.72265625,0.016314927,0.0003,-0.033310651234933174
188416,108,1739,92,60523.82203369141,0.15390625,-15.786986374855042,910,-6.4373016357421875e-06,0.2,1.1768743991851807,29118.09765625,0.014051885,0.0003,-0.028674170226440764
190464,106,1786,93,54235.93171386719,0.1896484375,-15.810767066478729,920,-0.0001480579376220703,0.2,1.1799094676971436,22577.359375,0.021058895,0.0003,-0.033114600661792795
192512,104,1834,94,52767.39152832031,0.17666015625,-15.828133589029312,930,0.0,0.2,1.1805672645568848,21085.201171875,0.015235516,0.0003,-0.03370321110414807
194560,103,1881,95,44970.85640258789,0.2171875,-15.808981442451477,940,-3.218650817871094e-05,0.2,1.1775676012039185,15576.90625,0.020064939,0.0003,-0.03590966725314502
196608,101,1928,96,56627.00637207031,0.192578125,-15.802911740541457,950,-0.0004373788833618164,0.2,1.178038239479065,27819.228515625,0.0175795,0.0003,-0.03336029429920018
198656,100,1977,97,37768.10238647461,0.1908203125,-15.814224964380264,960,1.430511474609375e-06,0.2,1.1791837215423584,18597.412109375,0.018801596,0.0003,-0.03472458835458383
200704,99,2026,98,49136.74537353516,0.173828125,-15.832417988777161,970,3.5762786865234375e-07,0.2,1.1823838949203491,23404.701171875,0.016615633,0.0003,-0.032495304632175245
202752,97,2075,99,52483.34505615234,0.17470703125,-15.827462041378022,980,1.3113021850585938e-06,0.2,1.1794540882110596,25476.693359375,0.015519661,0.0003,-0.033031333949475085
204800,96,2125,100,47478.22960205078,0.164208984375,-15.836430802941322,990,-1.1920928955078125e-07,0.2,1.1822986602783203,23856.623046875,0.015529743,0.0003,-0.030682246675132772
206848,95,2175,101,53294.02866210938,0.179345703125,-15.879662773013115,1000,1.1920928955078125e-07,0.2,1.1889541149139404,25827.560546875,0.017245116,0.0003,-0.032369760218716695
208896,93,2226,102,53493.85631103515,0.211181640625,-15.905496436357499,1010,-2.1457672119140625e-06,0.2,1.1905810832977295,23036.884765625,0.01957808,0.0003,-0.0357723897730466
210944,92,2277,103,48341.390380859375,0.199072265625,-15.940730014443398,1020,5.364418029785156e-07,0.2,1.195300579071045,22963.658203125,0.018813116,0.0003,-0.032573984510963785
212992,91,2329,104,39283.37561645508,0.209033203125,-15.99173500239849,1030,6.556510925292969e-07,0.2,1.2010643482208252,13984.0263671875,0.019424241,0.0003,-0.035343311820179225
215040,90,2382,105,57874.94240722656,0.220556640625,-16.03415502309799,1040,0.00021648406982421875,0.2,1.2083868980407715,40992.9296875,0.019280894,0.0003,-0.03696723924804246
217088,89,2436,106,42273.195013427736,0.208544921875,-16.054785829782485,1050,-0.0011148452758789062,0.2,1.2065544128417969,19352.728515625,0.01764753,0.0003,-0.03518459279584931
219136,88,2490,107,44574.09500732422,0.211669921875,-16.09300140142441,1060,1.8537044525146484e-05,0.2,1.2164130210876465,19627.787109375,0.018951753,0.0003,-0.037098242220235986
221184,86,2544,108,50548.829321289064,0.19638671875,-16.153820687532424,1070,1.1920928955078125e-07,0.2,1.2220052480697632,26738.208984375,0.01714538,0.0003,-0.03684641883883159
223232,85,2599,109,50452.95477294922,0.175634765625,-16.186241668462753,1080,5.960464477539063e-08,0.2,1.2250664234161377,25537.8125,0.016900703,0.0003,-0.03263058257143712
225280,84,2655,110,51892.10819091797,0.17080078125,-16.214668011665346,1090,-3.5762786865234375e-07,0.2,1.228192925453186,24921.1328125,0.01700122,0.0003,-0.032544904394308106
227328,83,2710,111,43553.515606689456,0.208935546875,-16.2721639752388,1100,1.1920928955078125e-07,0.2,1.2382574081420898,20680.26953125,0.019862782,0.0003,-0.037303902364510574
229376,82,2768,112,44079.968994140625,0.183740234375,-16.30587950348854,1110,-4.76837158203125e-07,0.2,1.2400765419006348,29864.248046875,0.0165519,0.0003,-0.035789856367046013
231424,81,2826,113,47888.30537109375,0.211279296875,-16.32035036087036,1120,5.960464477539063e-08,0.2,1.2425472736358643,27652.884765625,0.01775854,0.0003,-0.035103609719953965
233472,80,2884,114,38460.45001831055,0.20390625,-16.34079761505127,1130,-2.384185791015625e-07,0.2,1.2436631917953491,16541.337890625,0.018919505,0.0003,-0.033230713472585195
235520,80,2943,115,41077.42271118164,0.203662109375,-16.362412178516387,1140,0.0,0.2,1.2480170726776123,23984.4453125,0.017903883,0.0003,-0.03611180929292459
237568,79,3003,116,45306.887036132815,0.18994140625,-16.36107591986656,1150,0.0,0.2,1.2452389001846313,21233.5703125,0.017960263,0.0003,-0.03483498430578038
239616,78,3063,117,49702.49595947265,0.19169921875,-16.36019774079323,1160,-1.1920928955078125e-07,0.2,1.2468116283416748,23209.4921875,0.017144177,0.0003,-0.03181896584574133
241664,77,3130,118,40888.91938476563,0.201123046875,-16.388913679122926,1170,0.0,0.2,1.25163996219635,18687.044921875,0.018458277,0.0003,-0.03547419277601875
243712,76,3200,119,49770.052746582034,0.19423828125,-16.422960579395294,1180,5.960464477539063e-08,0.2,1.2552721500396729,21172.2734375,0.01761045,0.0003,-0.03366748734406429
245760,75,3269,120,42348.22751464844,0.19404296875,-16.45668789744377,1190,0.0,0.2,1.2582381963729858,15980.658203125,0.018675528,0.0003,-0.0334086058603134
247808,74,3339,121,49259.48501586914,0.190478515625,-16.463896465301513,1200,-3.933906555175781e-06,0.2,1.2579834461212158,24494.40234375,0.018100837,0.0003,-0.03367038814903935
249856,73,3408,122,49128.86826171875,0.20546875,-16.516854798793794,1210,-2.1457672119140625e-06,0.2,1.2694708108901978,23612.677734375,0.020118143,0.0003,-0.03627889459312428
251904,72,3480,123,48763.30494384766,0.1896484375,-16.5598206281662,1220,-1.1920928955078125e-07,0.2,1.2713077068328857,23049.830078125,0.017075293,0.0003,-0.03222637103899615
253952,71,3553,124,39410.98126220703,0.2359375,-16.59869537949562,1230,-9.5367431640625e-07,0.2,1.2768917083740234,17484.388671875,0.021640992,0.0003,-0.03890077108517289
256000,70,3628,125,55423.920727539065,0.16025390625,-16.614811062812805,1240,-0.027207136154174805,0.2,1.2787325382232666,24853.005859375,0.015150767,0.0003,-0.0290097726858221
258048,69,3701,126,37676.81258544922,0.222119140625,-16.64075160622597,1250,-2.658367156982422e-05,0.2,1.2815980911254883,16782.712890625,0.02175584,0.0003,-0.03506833915307652
260096,68,3775,127,44176.27092285156,0.21337890625,-16.663313841819765,1260,-0.0006732940673828125,0.2,1.2844266891479492,19707.26953125,0.017535467,0.0003,-0.03623983621509978
262144,68,3848,128,49869.67861328125,0.180810546875,-16.71031621694565,1270,-0.00015544891357421875,0.2,1.2921594381332397,23979.02734375,0.016615592,0.0003,-0.03181567633873783
264192,67,3922,129,43300.226190185545,0.218310546875,-16.76368443965912,1280,1.1920928955078125e-07,0.2,1.297745704650879,16381.6865234375,0.02230142,0.0003,-0.03397525771142682
266240,66,3996,130,44869.70582275391,0.1544921875,-16.783874219655992,1290,9.357929229736328e-06,0.2,1.2990375757217407,21191.169921875,0.012642324,0.0003,-0.027553571002499666
268288,65,4074,131,50737.15825195312,0.190576171875,-16.815876448154448,1300,-0.0007867813110351562,0.2,1.3057688474655151,23731.125,0.018267196,0.0003,-0.03205102597712539
270336,64,4159,132,48826.84071044922,0.178125,-16.85113651752472,1310,-0.0003045797348022461,0.2,1.3084049224853516,18328.966796875,0.016565349,0.0003,-0.031496826818329285
272384,64,4242,133,48077.87467041016,0.180078125,-16.888866674900054,1320,-0.0003390312194824219,0.2,1.3160508871078491,27054.69140625,0.0152909625,0.0003,-0.031328741752076894
274432,63,4326,134,46426.57985229492,0.205224609375,-16.968043118715286,1330,-0.0016846656799316406,0.2,1.3270982503890991,22358.35546875,0.01919005,0.0003,-0.03361266048887046
276480,62,4407,135,37213.432604980466,0.188671875,-17.017528355121613,1340,-1.7881393432617188e-06,0.2,1.3304061889648438,17415.025390625,0.016930286,0.0003,-0.031798604654613885
278528,62,4487,136,35763.51297607422,0.2087890625,-17.012457501888274,1350,-1.3232231140136719e-05,0.2,1.3281655311584473,25454.283203125,0.01802407,0.0003,-0.0368249381397618
280576,61,4572,137,32226.526306152344,0.24375,-16.991459345817567,1360,-2.86102294921875e-06,0.2,1.324823021888733,23023.427734375,0.023447767,0.0003,-0.0359953222272452
282624,60,4657,138,48195.157495117186,0.182666015625,-16.998362439870835,1370,-0.036498308181762695,0.2,1.3299000263214111,21592.5078125,0.01698536,0.0003,-0.03221526363195153
284672,60,4734,139,49067.61264648438,0.180908203125,-17.037981355190276,1380,-3.0994415283203125e-06,0.2,1.3347729444503784,26302.85546875,0.016011875,0.0003,-0.031850030017085376
286720,59,4819,140,40144.793157958986,0.257666015625,-17.097381353378296,1390,1.1920928955078125e-07,0.2,1.3446894884109497,21397.724609375,0.023874555,0.0003,-0.0361883822872187
288768,58,4902,141,41299.62250976563,0.28798828125,-17.176298522949217,1400,2.3245811462402344e-06,0.2,1.355485439300537,15262.5380859375,0.023512883,0.0003,-0.037655429130245464
290816,58,4987,142,45666.85791015625,0.347265625,-17.197800189256668,1410,-0.0009645223617553711,0.2,1.3559170961380005,26579.69140625,0.024519946,0.0003,-0.02021356027980801
292864,57,5072,143,41185.71314086914,0.224267578125,-17.217037111520767,1420,-0.002965569496154785,0.2,1.359235167503357,24081.896484375,0.017324332,0.0003,-0.03170945840538479
294912,57,5159,144,41804.01721191406,0.1017578125,-17.23082908987999,1430,0.0006830096244812012,0.2,1.3610419034957886,25249.40234375,0.010558524,0.0003,-0.021798257279442623
296960,56,5247,145,42093.25025024414,0.180078125,-17.25469190478325,1440,0.003925323486328125,0.2,1.365288496017456,21639.953125,0.017311282,0.0003,-0.03100772670295555
299008,56,5330,146,38857.910400390625,0.117724609375,-17.28038426041603,1450,0.004731655120849609,0.2,1.367884635925293,14840.177734375,0.011864615,0.0003,-0.021731036038545426
301056,55,5409,147,43700.972338867185,0.1873046875,-17.31555540561676,1460,-0.009673118591308594,0.2,1.374711513519287,14514.544921875,0.01885894,0.0003,-0.030140069163462613
303104,55,5489,148,40964.24281616211,0.44736328125,-17.347005426883698,1470,3.933906555175781e-06,0.2,1.3768097162246704,20090.232421875,0.044919427,0.0003,-0.004352153427316807
305152,54,5570,149,45866.70007629394,0.0,-17.347575378417968,1480,-0.38793325424194336,0.2,1.3768274784088135,12131.130859375,0.00017998603,0.0003,-0.001979309128364548
307200,54,5651,150,18508.60732345581,0.0,-17.348167723417284,1490,-0.9231575727462769,0.2,1.3770482540130615,2423.615966796875,0.00030382726,0.0003,-0.0023813001476810313
309248,53,5733,151,10359.315954208374,0.000244140625,-17.35019896030426,1500,-1.0059070587158203,0.2,1.377431035041809,3870.45166015625,0.00074332976,0.0003,-0.003255274319963064
311296,53,5816,152,7423.357664108276,0.000732421875,-17.354114884138106,1510,-0.43811333179473877,0.2,1.3782355785369873,1667.46044921875,0.0012376418,0.0003,-0.004944686774979346
313344,53,5900,153,6099.173282241822,0.002734375,-17.358219200372695,1520,-0.8003971576690674,0.2,1.3784769773483276,1466.9752197265625,0.0018560844,0.0003,-0.006735974059847649
315392,52,5984,154,3591.9443479537963,0.005224609375,-17.36118546128273,1530,-0.7916373014450073,0.2,1.3790662288665771,1102.17822265625,0.0030454951,0.0003,-0.007770607630664017
317440,52,6068,155,2324.9516914367678,0.02841796875,-17.36766462922096,1540,-1.923293113708496,0.2,1.3804526329040527,1258.5008544921875,0.006532794,0.0003,-0.012483380545018009
319488,51,6153,156,1515.7120479583741,0.043408203125,-17.379116410017012,1550,-0.5910868644714355,0.2,1.3824427127838135,260.6408386230469,0.008709946,0.0003,-0.015125772851752118
321536,51,6239,157,760.338720369339,0.0865234375,-17.3885519862175,1560,-0.7234169244766235,0.2,1.3832497596740723,201.6104278564453,0.012109937,0.0003,-0.020386379289266187
323584,51,6325,158,554.4513315916062,0.1025390625,-17.38466495871544,1570,-0.7018083333969116,0.2,1.3813621997833252,94.14500427246094,0.013128076,0.0003,-0.02250423092773417
325632,50,6409,159,325.4732257246971,0.14375,-17.385563671588898,1580,-1.6385083198547363,0.2,1.3825924396514893,60.52743911743164,0.016314209,0.0003,-0.024660158078040693
327680,50,6494,160,185.5060581445694,0.17236328125,-17.395406341552736,1590,-0.9803582429885864,0.2,1.3854671716690063,37.46634292602539,0.018542705,0.0003,-0.02783131797623355
329728,50,6580,161,186.015631711483,0.166650390625,-17.431812727451323,1600,-2.6640725135803223,0.2,1.3956067562103271,35.051265716552734,0.017260553,0.0003,-0.025266569621453527
331776,49,6667,162,109.45605341792107,0.19384765625,-17.507543474435806,1610,-1.6147701740264893,0.2,1.4060633182525635,36.11394500732422,0.020898888,0.0003,-0.029736006223538426
333824,49,6753,163,84.69452691674232,0.23212890625,-17.577431511878967,1620,-1.867661952972412,0.2,1.4127100706100464,56.8018913269043,0.025828972,0.0003,-0.028893878744565882
335872,49,6841,164,79.01130699515343,0.2345703125,-17.631749057769774,1630,-2.652503252029419,0.2,1.4205875396728516,21.43581199645996,0.02720297,0.0003,-0.029833188065094874
337920,48,6929,165,54.74703758358955,0.22294921875,-17.666794741153716,1640,-3.000643730163574,0.2,1.4275195598602295,12.213116645812988,0.023232752,0.0003,-0.029585160843271296
339968,48,7018,166,38.00150096714496,0.226513671875,-17.696803110837937,1650,-3.0123724937438965,0.2,1.4297833442687988,10.630107879638672,0.022174452,0.0003,-0.029253916657762603
342016,48,7107,167,35.847784185409544,0.251416015625,-17.74991869330406,1660,-2.8020944595336914,0.2,1.438104510307312,9.563581466674805,0.029432336,0.0003,-0.0291195137280738
344064,47,7197,168,39.892800864577296,0.253955078125,-17.77763040661812,1670,-1.7629778385162354,0.2,1.442327618598938,15.12741470336914,0.026251582,0.0003,-0.03220868937278283
346112,47,7287,169,27.343400686979294,0.2646484375,-17.82110069990158,1680,-3.681581974029541,0.2,1.450132131576538,7.110935688018799,0.024411261,0.0003,-0.027573223915533164
348160,47,7382,170,25.030860239267348,0.263916015625,-17.88359316587448,1690,-0.9839386940002441,0.2,1.45784330368042,6.471498966217041,0.0309789,0.0003,-0.03404535278095864
350208,46,7477,171,25.876925325393678,0.2583984375,-17.923340821266173,1700,-2.5137715339660645,0.2,1.4644839763641357,9.588529586791992,0.02584681,0.0003,-0.03430462025862653
352256,46,7573,172,48.59453102350235,0.19345703125,-17.977706325054168,1710,-8.528603553771973,0.2,1.472700834274292,14.845778465270996,0.018234326,0.0003,-0.02224099979212042
354304,46,7671,173,14.016887737810611,0.241943359375,-18.0485582113266,1720,-3.4748969078063965,0.2,1.4860327243804932,3.421501636505127,0.024775751,0.0003,-0.032770620836527084
356352,45,7770,174,16.974767577648162,0.20732421875,-18.141799420118332,1730,-1.3159916400909424,0.2,1.5011954307556152,4.365837097167969,0.021080501,0.0003,-0.03294593773171073
358400,45,7870,175,21.241320648789404,0.208447265625,-18.190841609239577,1740,-2.9986252784729004,0.2,1.501224160194397,5.769991874694824,0.021777678,0.0003,-0.028267330580274575
360448,45,7970,176,12.342074939608574,0.248876953125,-18.235676234960557,1750,-1.5561091899871826,0.2,1.5117733478546143,7.275246620178223,0.024010338,0.0003,-0.03267126138089225
362496,44,8074,177,14.27536370307207,0.22841796875,-18.26663308739662,1760,-3.199902057647705,0.2,1.5139391422271729,3.3285930156707764,0.023690019,0.0003,-0.02929988432006212
364544,44,8179,178,23.2654722943902,0.2130859375,-18.306686317920686,1770,-1.8464281558990479,0.2,1.5222607851028442,6.6135711669921875,0.020831786,0.0003,-0.03333529699302744
366592,44,8280,179,13.308388386666774,0.206884765625,-18.353060603141785,1780,-1.2604398727416992,0.2,1.5262014865875244,4.351639747619629,0.021033127,0.0003,-0.031129773720749654
368640,43,8385,180,13.264779110252856,0.22529296875,-18.394382601976396,1790,-1.212265968322754,0.2,1.5346028804779053,3.1788148880004883,0.024652043,0.0003,-0.0379461141070351
370688,43,8492,181,10.250950115919114,0.216748046875,-18.43439664840698,1800,-1.5035991668701172,0.2,1.5400549173355103,4.199303150177002,0.021984005,0.0003,-0.0337282020933344
372736,43,8595,182,17.340840239822864,0.195556640625,-18.47722772359848,1810,-0.5606507062911987,0.2,1.5477885007858276,5.802369594573975,0.020017933,0.0003,-0.0299285746878013
374784,43,8691,183,17.062395116686822,0.2091796875,-18.52270485162735,1820,-0.6989343166351318,0.2,1.5533885955810547,5.872771739959717,0.020439304,0.0003,-0.028193852229742335
376832,42,8790,184,8.824302395433188,0.242626953125,-18.54922548532486,1830,-2.9588444232940674,0.2,1.5578612089157104,3.3794991970062256,0.024671359,0.0003,-0.03530277142563136
378880,42,8885,185,15.074088789522648,0.23603515625,-18.558390432596205,1840,-1.6999013423919678,0.2,1.5580840110778809,5.24332857131958,0.02343777,0.0003,-0.02747327990618942
380928,42,8982,186,20.989279907941818,0.2029296875,-18.582546961307525,1850,-4.231657981872559,0.2,1.5646202564239502,6.832133769989014,0.019798359,0.0003,-0.025291364104487003
382976,42,9081,187,23.966263788938523,0.2015625,-18.604826319217683,1860,-1.0724124908447266,0.2,1.566044569015503,8.392219543457031,0.0179798,0.0003,-0.025357702308974696
385024,41,9181,188,23.20349513143301,0.188330078125,-18.638080751895906,1870,-0.9024778604507446,0.2,1.574521780014038,5.279151439666748,0.01850076,0.0003,-0.027130191563628614
387072,41,9278,189,19.16529459953308,0.21376953125,-18.68460769057274,1880,-0.674225926399231,0.2,1.5805542469024658,8.398372650146484,0.022790425,0.0003,-0.03228877416695468
389120,41,9377,190,10.837320825457573,0.23115234375,-18.71225881576538,1890,-1.266251564025879,0.2,1.5849376916885376,6.924735069274902,0.027303115,0.0003,-0.030499267656705343
391168,41,9476,191,11.601895512640477,0.23603515625,-18.735384809970856,1900,-1.2397596836090088,0.2,1.5889531373977661,5.437093257904053,0.021798486,0.0003,-0.03222948682378046
393216,41,9574,192,11.736052685976029,0.23671875,-18.783691698312758,1910,-0.9971623420715332,0.2,1.5987353324890137,6.4543867111206055,0.021882426,0.0003,-0.031094422335445415
395264,40,9674,193,17.533318056166173,0.198681640625,-18.83319411277771,1920,-1.0209510326385498,0.2,1.6056960821151733,7.64209508895874,0.019492568,0.0003,-0.02861842974962201
397312,40,9764,194,10.612210260331631,0.21376953125,-18.84779417514801,1930,-1.3224012851715088,0.2,1.6046667098999023,2.3482863903045654,0.022949435,0.0003,-0.028685406917065847
399360,40,9845,195,13.802597583830357,0.229736328125,-18.87056671977043,1940,-0.8834923505783081,0.2,1.6122363805770874,3.3418264389038086,0.020748463,0.0003,-0.03181282170116902
401408,40,9925,196,10.370044969767331,0.215869140625,-18.90546846985817,1950,-0.7784600257873535,0.2,1.6178247928619385,3.6637980937957764,0.02108222,0.0003,-0.03202913342829561
403456,40,10005,197,13.476247447729111,0.221875,-18.930821424722673,1960,-3.3120594024658203,0.2,1.6197550296783447,6.116170406341553,0.021099478,0.0003,-0.03203781074407743
405504,40,10087,198,10.892662124335766,0.238818359375,-18.949000054597853,1970,-0.5012133121490479,0.2,1.6247495412826538,3.385427474975586,0.02328432,0.0003,-0.03346303169964813
407552,38,10547,199,14.060215815901756,0.230224609375,-18.978757798671722,1980,-1.80299711227417,0.2,1.6286725997924805,3.616971015930176,0.02063896,0.0003,-0.02794642538938206
409600,4,91153,200,12.093580377101897,0.192138671875,-19.001876002550127,1990,-1.6547789573669434,0.2,1.6318027973175049,5.228761196136475,0.01951004,0.0003,-0.02941154040163383
411648,4,91240,201,12.726242812722921,0.229443359375,-19.014622110128403,2000,-2.1821999549865723,0.2,1.6366863250732422,3.2772064208984375,0.023365606,0.0003,-0.029861504155269357
413696,4,91325,202,12.89867768138647,0.21455078125,-19.05369252562523,2010,-1.271562099456787,0.2,1.6445302963256836,3.17696475982666,0.0213364,0.0003,-0.028931250744790304
415744,4,91409,203,9.535041472315788,0.24228515625,-19.09559862613678,2020,-0.552560567855835,0.2,1.6495329141616821,2.805260419845581,0.021590013,0.0003,-0.035256801842479035
417792,4,91494,204,12.93721283748746,0.194677734375,-19.130813711881636,2030,-1.48500394821167,0.2,1.6565688848495483,3.7511303424835205,0.01905701,0.0003,-0.02984918949077837
419840,4,91579,205,11.16851909160614,0.22041015625,-19.162472701072694,2040,-1.3485362529754639,0.2,1.6618372201919556,3.285313606262207,0.022553518,0.0003,-0.030499042211158667
421888,4,91663,206,8.478690221160651,0.2509765625,-19.208071452379226,2050,-1.2864954471588135,0.2,1.6688369512557983,3.1602864265441895,0.024577636,0.0003,-0.02999900364811765
423936,4,91750,207,12.469779916107655,0.250439453125,-19.247974759340288,2060,-0.20064568519592285,0.2,1.6759182214736938,2.5470528602600098,0.02418049,0.0003,-0.03713870850915555
425984,4,91837,208,11.057861460745334,0.207421875,-19.289123946428298,2070,-0.44324004650115967,0.2,1.6819034814834595,4.916022777557373,0.017622974,0.0003,-0.028992788525647482
428032,4,91925,209,10.21630222722888,0.211865234375,-19.313725924491884,2080,-0.6231610774993896,0.2,1.6845566034317017,2.4002439975738525,0.022773702,0.0003,-0.0332414281234378
430080,4,92014,210,10.739915798604489,0.248974609375,-19.334607923030852,2090,-0.979986310005188,0.2,1.687986135482788,9.376096725463867,0.025354443,0.0003,-0.033458249557588714
432128,4,92102,211,6.886231397837401,0.25712890625,-19.364088279008865,2100,-0.3158513307571411,0.2,1.693733811378479,5.389237403869629,0.02738694,0.0003,-0.0351292277162429
434176,4,92191,212,13.681640829145909,0.256103515625,-19.366783851385115,2110,-0.5076906681060791,0.2,1.6914609670639038,6.0659260749816895,0.02304896,0.0003,-0.03271556822728598
436224,4,92302,213,18.415919798612595,0.185791015625,-19.375830286741255,2120,-0.3794875144958496,0.2,1.6950724124908447,10.258536338806152,0.019007921,0.0003,-0.028800078434869647
438272,4,92410,214,9.472386696189641,0.234326171875,-19.419388592243195,2130,-2.2376115322113037,0.2,1.7065805196762085,3.012866497039795,0.02294958,0.0003,-0.028258460172219203
440320,4,92527,215,8.090018437057733,0.25302734375,-19.487510269880296,2140,-1.3275175094604492,0.2,1.7153934240341187,2.8468987941741943,0.025416583,0.0003,-0.028379562387999612
442368,4,92646,216,10.886381147801876,0.197607421875,-19.52705060839653,2150,-0.5203725099563599,0.2,1.721544861793518,4.329894065856934,0.020358168,0.0003,-0.030405381240416317
444416,4,92761,217,7.329990180954337,0.274755859375,-19.550069397687913,2160,-0.3832460641860962,0.2,1.7211952209472656,2.6611831188201904,0.028039806,0.0003,-0.03682634739743662
446464,4,92874,218,11.402885643392802,0.22021484375,-19.584966963529588,2170,-2.3311076164245605,0.2,1.7298002243041992,6.844429969787598,0.024692945,0.0003,-0.031017400680866558
448512,4,92976,219,8.711668679118157,0.253076171875,-19.62687680721283,2180,-0.49725544452667236,0.2,1.7388057708740234,2.219813823699951,0.022082653,0.0003,-0.03174024151812773
450560,4,93084,220,11.354804988205434,0.202001953125,-19.699146431684493,2190,-1.0873568058013916,0.2,1.7489683628082275,3.9179282188415527,0.020742703,0.0003,-0.031010163547762204
452608,4,93198,221,16.188361291587352,0.189599609375,-19.72760941386223,2200,-0.7238589525222778,0.2,1.7527539730072021,3.760392189025879,0.01936235,0.0003,-0.030580479837954044
454656,4,93318,222,9.566021598875523,0.227197265625,-19.754095757007597,2210,-0.5487107038497925,0.2,1.7581894397735596,4.744220733642578,0.023417369,0.0003,-0.03354089861968532
456704,4,93429,223,11.48195710927248,0.245361328125,-19.79009153842926,2220,-0.23025918006896973,0.2,1.763777494430542,5.19465970993042,0.022583582,0.0003,-0.03555914824319188
458752,4,93548,224,8.516876198351383,0.243212890625,-19.829254353046416,2230,-0.788048505783081,0.2,1.7703857421875,5.929741382598877,0.023491636,0.0003,-0.03701181346550584
460800,4,93668,225,11.378755167871713,0.233935546875,-19.849148494005203,2240,-0.9648617506027222,0.2,1.7732778787612915,5.1164870262146,0.02443606,0.0003,-0.03348900743148988
462848,4,93793,226,9.29580677896738,0.22880859375,-19.86456153392792,2250,-0.5009548664093018,0.2,1.7774229049682617,3.5090556144714355,0.021402488,0.0003,-0.03416335436922964
464896,4,93912,227,10.422076973319054,0.248681640625,-19.909147691726684,2260,-0.3273913860321045,0.2,1.785982370376587,6.30760383605957,0.023553375,0.0003,-0.036929132822842804
466944,4,94013,228,7.067531905323267,0.245556640625,-19.929286980628966,2270,-1.084538459777832,0.2,1.7862224578857422,1.826936960220337,0.023441887,0.0003,-0.03530809736766969
468992,4,94115,229,12.28517701625824,0.215478515625,-19.948466235399245,2280,-0.19258439540863037,0.2,1.793760895729065,4.9582014083862305,0.020014158,0.0003,-0.03494240268046269
471040,4,94218,230,7.853518152981996,0.2251953125,-19.957389664649963,2290,-0.5067554712295532,0.2,1.791717767715454,2.888511896133423,0.021898776,0.0003,-0.02878240444842959
473088,5,94321,231,16.51342806071043,0.22333984375,-19.970800536870957,2300,-0.7410663366317749,0.2,1.7977842092514038,6.098231315612793,0.019283831,0.0003,-0.031175921100657433
475136,5,94425,232,10.884641593694687,0.2033203125,-20.016749984025957,2310,-0.3893587589263916,0.2,1.8059049844741821,5.808177471160889,0.020185534,0.0003,-0.033717149253061504
477184,5,94534,233,12.412214748561382,0.1982421875,-20.06577550172806,2320,-0.4232677221298218,0.2,1.8139060735702515,4.00692081451416,0.019881543,0.0003,-0.030537535595067312
479232,5,94671,234,10.892304463684559,0.2091796875,-20.08786397576332,2330,-0.39237284660339355,0.2,1.8156726360321045,2.8180904388427734,0.017853934,0.0003,-0.030510143519495613
481280,5,94801,235,6.706678297370672,0.229052734375,-20.113661968708037,2340,-1.1395173072814941,0.2,1.8222068548202515,1.7477974891662598,0.020375326,0.0003,-0.030265127352322452
483328,5,94930,236,8.409007248282432,0.213623046875,-20.154538118839262,2350,-0.5015754699707031,0.2,1.8284924030303955,3.1443309783935547,0.018342746,0.0003,-0.03159707648010226
485376,5,95062,237,8.124049846082926,0.24560546875,-20.166478806734084,2360,-0.36494696140289307,0.2,1.828894019126892,3.37007737159729,0.024609461,0.0003,-0.033967000259144696
487424,5,95184,238,7.825241279602051,0.197705078125,-20.190191286802293,2370,-1.2447082996368408,0.2,1.8368663787841797,3.003391981124878,0.019875173,0.0003,-0.03613516265177168
489472,5,95311,239,8.3367101483047,0.23125,-20.233921945095062,2380,-2.145415782928467,0.2,1.8418819904327393,2.6454451084136963,0.024093837,0.0003,-0.03282343887840398
491520,5,95435,240,13.992207098007203,0.190185546875,-20.256500494480132,2390,-0.5761778354644775,0.2,1.8446239233016968,6.795069694519043,0.018241424,0.0003,-0.03048556808498688
493568,5,95554,241,10.5070146843791,0.211083984375,-20.288847082853316,2400,-0.5876085758209229,0.2,1.8556573390960693,3.0357606410980225,0.020596642,0.0003,-0.03584200180193875
495616,5,95678,242,7.116723155975341,0.24365234375,-20.33709501028061,2410,-0.5546962022781372,0.2,1.8625919818878174,2.7440624237060547,0.023145977,0.0003,-0.033422199870983604
497664,5,95804,243,12.174555145204067,0.219873046875,-20.364448326826096,2420,-0.2360299825668335,0.2,1.865674376487732,6.436067581176758,0.021638233,0.0003,-0.036952022981859046
499712,5,95929,244,8.738329943269491,0.2265625,-20.403796100616454,2430,-0.5172083377838135,0.2,1.877689003944397,2.3202414512634277,0.021509886,0.0003,-0.03070941302139545
501760,5,96058,245,11.876020914316177,0.233349609375,-20.449716752767564,2440,-0.10627508163452148,0.2,1.8862361907958984,4.065383434295654,0.023885746,0.0003,-0.03357293128501624
503808,5,96180,246,11.655631478130818,0.2,-20.470614445209502,2450,-0.2623178958892822,0.2,1.8847802877426147,6.541205883026123,0.018649347,0.0003,-0.03240142888826085
505856,5,96297,247,9.0671432569623,0.218017578125,-20.510279613733292,2460,-0.5396116971969604,0.2,1.8971751928329468,3.4604992866516113,0.02215042,0.0003,-0.03532552900724113
507904,5,96413,248,5.848029214143753,0.23798828125,-20.55192165374756,2470,-0.8115153312683105,0.2,1.900435209274292,1.2526475191116333,0.024774851,0.0003,-0.03432061602943577
509952,5,96529,249,8.980604223161937,0.216796875,-20.58250379562378,2480,-0.6816521883010864,0.2,1.909198522567749,3.6648590564727783,0.021420013,0.0003,-0.03297447034128709
512000,5,96648,250,14.145378731191158,0.198876953125,-20.630872720479964,2490,-0.5431419610977173,0.2,1.9186952114105225,3.227707862854004,0.019153954,0.0003,-0.031710000829480126
514048,5,96765,251,8.203531631082296,0.244140625,-20.670827543735506,2500,-0.5238323211669922,0.2,1.9242852926254272,2.927384853363037,0.023107745,0.0003,-0.03607766379718669
516096,5,96881,252,10.535247021913529,0.245361328125,-20.69567864537239,2510,-0.5226584672927856,0.2,1.927494764328003,5.084955215454102,0.023133248,0.0003,-0.036605209269328046
518144,5,96996,253,9.477601251006126,0.242919921875,-20.726081842184065,2520,-0.359921932220459,0.2,1.9358078241348267,1.8206627368927002,0.026767194,0.0003,-0.03639240585034713
520192,5,97113,254,9.636916105449199,0.220556640625,-20.755545753240586,2530,-0.691454291343689,0.2,1.9393482208251953,2.6191623210906982,0.020932823,0.0003,-0.032091138175746894
522240,5,97227,255,7.770187268406152,0.20712890625,-20.793671309947968,2540,-0.38882625102996826,0.2,1.9484889507293701,4.353972434997559,0.019976972,0.0003,-0.0344311796608963
524288,5,97341,256,4.8869134649634365,0.286962890625,-20.820952171087264,2550,-0.834037184715271,0.2,1.9508628845214844,1.226409673690796,0.029495126,0.0003,-0.03664834469236666
526336,5,97457,257,8.287509236484766,0.2615234375,-20.816755717992784,2560,-0.7316039800643921,0.2,1.950638771057129,2.9826669692993164,0.025909994,0.0003,-0.037801071975263764
528384,5,97574,258,11.226988914236426,0.22099609375,-20.85437130331993,2570,-0.5259479284286499,0.2,1.9643350839614868,3.766761541366577,0.020044997,0.0003,-0.030822049101698213
530432,5,97692,259,9.228887547552585,0.227880859375,-20.900237846374512,2580,-0.4348205327987671,0.2,1.970008134841919,3.431098222732544,0.021040445,0.0003,-0.0363691073624068
532480,5,97808,260,8.936933913081884,0.228271484375,-20.91357614994049,2590,-0.8536373376846313,0.2,1.9674465656280518,4.714790344238281,0.023289334,0.0003,-0.03008343262335984
534528,5,97926,261,10.335073402523994,0.23564453125,-20.912610602378845,2600,-0.5125385522842407,0.2,1.9744560718536377,7.171356201171875,0.020683696,0.0003,-0.03559121057478478
536576,5,98044,262,8.413071518391371,0.225390625,-20.929340213537216,2610,-0.2370854616165161,0.2,1.9760510921478271,1.7354847192764282,0.02170131,0.0003,-0.033757949981372805
538624,5,98163,263,6.9801555655896665,0.256884765625,-20.95367048382759,2620,-0.12415552139282227,0.2,1.98211669921875,1.8464089632034302,0.023335481,0.0003,-0.03741337708634092
540672,5,98282,264,8.80046405568719,0.218359375,-20.976591432094573,2630,-0.24807822704315186,0.2,1.9845634698867798,3.5817856788635254,0.021678116,0.0003,-0.0341833071957808
542720,5,98402,265,14.828551544249057,0.2060546875,-20.99070850610733,2640,-0.12478446960449219,0.2,1.9899652004241943,12.00638198852539,0.0205067,0.0003,-0.029407592590723654
544768,5,98524,266,15.78673937767744,0.17041015625,-20.993927812576295,2650,-0.44265758991241455,0.2,1.9876387119293213,6.05360746383667,0.017127594,0.0003,-0.029747797158779576
546816,5,98645,267,11.490826648473739,0.221826171875,-21.0249116897583,2660,-0.17479193210601807,0.2,2.000321865081787,4.5036725997924805,0.021916363,0.0003,-0.03377603929839097
548864,5,98767,268,11.945157354325056,0.22265625,-21.09166076183319,2670,-0.4479684829711914,0.2,2.0124363899230957,2.9062440395355225,0.020608975,0.0003,-0.030252487809048035
550912,5,98890,269,11.975954054296016,0.15859375,-21.136734294891358,2680,-0.48503994941711426,0.2,2.0189425945281982,6.521519184112549,0.018304491,0.0003,-0.027445868519862415
552960,5,99009,270,18.853482711315156,0.1908203125,-21.16960065960884,2690,-0.6300623416900635,0.2,2.027972936630249,13.132466316223145,0.019856475,0.0003,-0.030733149587467777
555008,5,99133,271,7.290793587267399,0.250146484375,-21.19604372382164,2700,-0.31705760955810547,0.2,2.0312936305999756,2.616440534591675,0.024715494,0.0003,-0.035715429492120164
557056,5,99257,272,11.781286336481571,0.22138671875,-21.23026497364044,2710,-0.62498939037323,0.2,2.040192127227783,4.07186222076416,0.020362485,0.0003,-0.03309704877610784
559104,5,99382,273,9.296420066803694,0.22265625,-21.26746309399605,2720,-0.2569218873977661,0.2,2.0479562282562256,6.620443344116211,0.020484198,0.0003,-0.03250653362920275
561152,5,99507,274,7.849169128388167,0.23779296875,-21.300727182626723,2730,-0.5290048122406006,0.2,2.0529990196228027,6.123612403869629,0.02345396,0.0003,-0.03129744255638798
563200,5,99632,275,10.278171764314175,0.175244140625,-21.322564941644668,2740,-0.8789095878601074,0.2,2.0578320026397705,2.6069388389587402,0.019543659,0.0003,-0.02831909077358432
565248,5,99759,276,11.10488553866744,0.209033203125,-21.376225584745406,2750,-0.568434476852417,0.2,2.0706825256347656,5.802171230316162,0.019941567,0.0003,-0.03148806848184904
567296,5,99887,277,12.007217498123646,0.20654296875,-21.39600039124489,2760,-0.30245018005371094,0.2,2.073371171951294,4.129838943481445,0.020792982,0.0003,-0.03483465515600983
569344,5,100015,278,11.973422548174858,0.233056640625,-21.408880168199538,2770,-0.2704601287841797,0.2,2.0733795166015625,5.216551303863525,0.02356267,0.0003,-0.03664056896232069
571392,5,100144,279,9.051946339011192,0.24765625,-21.42946105003357,2780,-0.405642032623291,0.2,2.0810446739196777,2.439605712890625,0.022874236,0.0003,-0.03496288055903278
573440,5,100274,280,9.996660263836384,0.238818359375,-21.456538289785385,2790,-0.3593151569366455,0.2,2.0846059322357178,3.73154354095459,0.023294283,0.0003,-0.036413067010289527
575488,5,100404,281,9.87409911006689,0.220751953125,-21.51759057044983,2800,-0.2169855833053589,0.2,2.1053507328033447,5.349972724914551,0.02288982,0.0003,-0.034980281026219015
577536,5,100535,282,9.723787501454353,0.249755859375,-21.590374374389647,2810,-0.30690598487854004,0.2,2.116027593612671,3.265359401702881,0.023544785,0.0003,-0.038581590133253484
579584,5,100666,283,9.854291795939208,0.208984375,-21.604496318101884,2820,-0.5164906978607178,0.2,2.114405393600464,1.7403994798660278,0.021784507,0.0003,-0.03152586837968556
581632,5,100798,284,4.898291440680623,0.264697265625,-21.62548894286156,2830,-1.052619218826294,0.2,2.1231868267059326,2.5792386531829834,0.030197633,0.0003,-0.03468747951701516
583680,5,100930,285,7.709941193461418,0.227978515625,-21.673987877368926,2840,-1.5544846057891846,0.2,2.1300458908081055,2.55021333694458,0.025142845,0.0003,-0.02993287467106711
585728,5,101063,286,9.443423237651587,0.19931640625,-21.693362379074095,2850,-0.21696555614471436,0.2,2.134511947631836,3.3028502464294434,0.016956588,0.0003,-0.0330973946431186
587776,5,101198,287,9.154658029228449,0.21533203125,-21.727269834280015,2860,-0.7893717288970947,0.2,2.144395112991333,2.969632387161255,0.021642098,0.0003,-0.03282532128068851
589824,5,101333,288,14.576270587742329,0.17978515625,-21.786525863409043,2870,-0.22354650497436523,0.2,2.159651041030884,6.446840286254883,0.017874498,0.0003,-0.032506799153634344
591872,5,101468,289,6.481546696275473,0.2482421875,-21.848984736204148,2880,-0.6706608533859253,0.2,2.168501615524292,1.793809175491333,0.023681557,0.0003,-0.03259754239697941
593920,5,101604,290,11.233248668909074,0.18134765625,-21.883329033851624,2890,-0.2080092430114746,0.2,2.1768012046813965,6.18967342376709,0.017727122,0.0003,-0.030980171202099883
595968,5,101741,291,9.225193659216165,0.21640625,-21.90720291733742,2900,-0.9761985540390015,0.2,2.179312229156494,4.147700309753418,0.023506317,0.0003,-0.034580823258147576
598016,5,101878,292,7.421793510764838,0.252783203125,-21.9674200296402,2910,-0.506699800491333,0.2,2.198294162750244,2.45275616645813,0.021477897,0.0003,-0.032735178669099696
600064,5,102016,293,7.239262928813696,0.2119140625,-22.029822850227355,2920,-0.9933338165283203,0.2,2.205881357192993,1.0048030614852905,0.02064129,0.0003,-0.03037968721764628
602112,5,102154,294,16.712594189494848,0.219775390625,-22.067266881465912,2930,-2.292172431945801,0.2,2.2153191566467285,3.1212427616119385,0.020929126,0.0003,-0.031429347740049705
604160,5,102292,295,11.731135196983814,0.2177734375,-22.122701591253282,2940,-0.21867835521697998,0.2,2.2282299995422363,3.829775094985962,0.020333128,0.0003,-0.03411482288938714
606208,5,102431,296,7.877364657074213,0.250634765625,-22.14037341475487,2950,-1.6461200714111328,0.2,2.2275032997131348,3.8654398918151855,0.02581843,0.0003,-0.0315018913912354
608256,5,102571,297,6.294804009795189,0.256591796875,-22.19798852801323,2960,-0.24078905582427979,0.2,2.247072696685791,1.0935612916946411,0.023544792,0.0003,-0.03775255923974328
610304,5,102712,298,19.059178437292577,0.19638671875,-22.24033499956131,2970,-0.33063018321990967,0.2,2.25288987159729,8.609697341918945,0.018800816,0.0003,-0.03618397976097185
612352,5,102853,299,7.926296149194241,0.218359375,-22.27405008673668,2980,-0.9287946224212646,0.2,2.2628536224365234,6.733858108520508,0.022377474,0.0003,-0.0325844595732633
614400,5,102995,300,8.948774434626102,0.2095703125,-22.288798993825914,2990,-0.33889734745025635,0.2,2.260704278945923,7.087348937988281,0.023580262,0.0003,-0.03424311920098262
616448,5,103138,301,13.180414426326752,0.18212890625,-22.305469870567322,3000,-0.16448712348937988,0.2,2.2684106826782227,5.779411315917969,0.018325191,0.0003,-0.03214561109634815
618496,5,103280,302,9.38029729872942,0.2453125,-22.31500979065895,3010,-0.40611088275909424,0.2,2.2679100036621094,4.332183837890625,0.024041656,0.0003,-0.03849984867265448
620544,5,103424,303,9.979187772423028,0.21171875,-22.332103461027145,3020,-0.17390859127044678,0.2,2.2712619304656982,4.850009441375732,0.02020768,0.0003,-0.034253499118494804
622592,6,103568,304,8.048689204454423,0.22216796875,-22.360509717464446,3030,-0.8227684497833252,0.2,2.2835280895233154,2.424901008605957,0.027386658,0.0003,-0.03480339166126214
624640,6,103712,305,8.18109445720911,0.2142578125,-22.415058308839797,3040,-2.1849162578582764,0.2,2.291696071624756,2.116901159286499,0.024235867,0.0003,-0.027508535958622814
626688,6,103857,306,7.535164153575897,0.206103515625,-22.43857643008232,3050,-0.5068975687026978,0.2,2.2983388900756836,2.7656354904174805,0.020689406,0.0003,-0.03297356211551232
628736,6,104002,307,11.65701100230217,0.190185546875,-22.468189281225204,3060,-1.0136122703552246,0.2,2.3045854568481445,5.201048374176025,0.02031736,0.0003,-0.032379363395739345
630784,6,104148,308,10.423548331856727,0.217529296875,-22.495301526784896,3070,-0.36909711360931396,0.2,2.3112025260925293,2.901135206222534,0.02180819,0.0003,-0.03317251620610477
632832,6,104295,309,8.45754966661334,0.233642578125,-22.534376019239424,3080,-0.4993433952331543,0.2,2.320780038833618,3.212146759033203,0.02708229,0.0003,-0.03419037159183062
634880,6,104442,310,5.6763957343995575,0.25009765625,-22.584403491020204,3090,-0.5086092948913574,0.2,2.3296523094177246,3.3476967811584473,0.023338573,0.0003,-0.032375750999199225
636928,6,104590,311,8.295609989762307,0.218505859375,-22.622611409425737,3100,-0.5191930532455444,0.2,2.3461012840270996,3.662426471710205,0.021368146,0.0003,-0.0318301688937936
638976,6,104739,312,7.451705848425627,0.225048828125,-22.7225914478302,3110,-0.31368136405944824,0.2,2.3691518306732178,2.8606925010681152,0.023403421,0.0003,-0.03344164392183302
641024,6,104888,313,7.057529093697667,0.2486328125,-22.76191250681877,3120,-0.5711250305175781,0.2,2.3711318969726562,0.9139134883880615,0.025063803,0.0003,-0.03450887603030424
643072,6,105037,314,5.215080850198865,0.24736328125,-22.797563463449478,3130,-0.1642606258392334,0.2,2.385977029800415,1.8776758909225464,0.023799365,0.0003,-0.0362719728727825
645120,6,105186,315,8.901582436263562,0.20244140625,-22.839796400070192,3140,-0.19054651260375977,0.2,2.3946311473846436,3.3380651473999023,0.019717459,0.0003,-0.03233939533238299
647168,6,105337,316,7.860020656883717,0.216796875,-22.859605836868287,3150,-0.12960302829742432,0.2,2.3934104442596436,6.755723476409912,0.021452926,0.0003,-0.03567346895142691
649216,6,105487,317,10.07790585309267,0.208740234375,-22.884254586696624,3160,-2.2628307342529297,0.2,2.404118776321411,5.892942428588867,0.021023449,0.0003,-0.02999328488513129
651264,6,105638,318,11.786460787802934,0.2076171875,-22.889859479665756,3170,-1.8930201530456543,0.2,2.403052806854248,2.284583330154419,0.01959099,0.0003,-0.03390903296822216
653312,6,105789,319,17516.2334274292,0.00244140625,-22.893813037872313,3180,-0.0007865428924560547,0.2,2.40358829498291,7549.48046875,0.0014652794,0.0003,-0.003564787209325004
655360,6,105942,320,20412.290496826172,0.0,-22.89520592093468,3190,-0.01282799243927002,0.2,2.404007911682129,8886.3173828125,0.0002736592,0.0003,-0.002285070630023256
657408,6,106095,321,19697.663479614257,0.0,-22.896026337146758,3200,-0.021964311599731445,0.2,2.4039416313171387,9030.26953125,0.00040843786,0.0003,-0.003024298822856508
659456,6,106260,322,16445.28400878906,0.0,-22.896647882461547,3210,-0.0761648416519165,0.2,2.4043307304382324,5850.40771484375,0.00023719805,0.0003,-0.0023261740134330466
661504,6,106432,323,12714.10213317871,0.000390625,-22.89760686159134,3220,-0.11751377582550049,0.2,2.4044816493988037,4346.27294921875,0.001282695,0.0003,-0.004625481051334646
663552,6,106606,324,14226.38595123291,0.00283203125,-22.89890636205673,3230,-0.05121564865112305,0.2,2.404808521270752,5848.736328125,0.0021329557,0.0003,-0.006692445842782035
665600,6,106784,325,16219.796319580078,0.0037109375,-22.897845274209978,3240,-0.11131489276885986,0.2,2.404115676879883,7760.328125,0.0019163287,0.0003,-0.006753508481779136
667648,6,106959,326,22737.73744812012,0.000830078125,-22.89631736278534,3250,-0.11731922626495361,0.2,2.404085874557495,4157.05224609375,0.0015145954,0.0003,-0.006060523800260853
669696,6,107135,327,17868.586892700194,0.00361328125,-22.895804244279862,3260,-0.18990516662597656,0.2,2.403942346572876,7905.01708984375,0.0016073651,0.0003,-0.005993909804237774
671744,6,107314,328,16460.801364135743,0.00400390625,-22.894897520542145,3270,-0.17146611213684082,0.2,2.403514862060547,9158.6220703125,0.0025731162,0.0003,-0.00826192735839868
673792,6,107470,329,14609.362065124511,0.01240234375,-22.89597048163414,3280,-0.18350708484649658,0.2,2.404768228530884,3372.348876953125,0.004568669,0.0003,-0.010420078312745319
675840,6,107626,330,10538.545208740234,0.012744140625,-22.90269529223442,3290,-0.19754087924957275,0.2,2.4062135219573975,6574.67822265625,0.003954866,0.0003,-0.010451682915663696
677888,6,107795,331,17165.615310668945,0.014404296875,-22.904476273059846,3300,-0.04036068916320801,0.2,2.4057953357696533,10221.1728515625,0.0041058995,0.0003,-0.010195536293031182
679936,6,107966,332,23546.925271606444,0.0306640625,-22.912974125146867,3310,-0.06989419460296631,0.2,2.4108388423919678,10938.056640625,0.006088867,0.0003,-0.01528021412959788
681984,6,108137,333,14970.649586486816,0.035009765625,-22.923472309112547,3320,-0.0664205551147461,0.2,2.4109959602355957,6690.07958984375,0.0060440446,0.0003,-0.015515365486498922
684032,6,108307,334,6595.727220916748,0.061474609375,-22.924214977025986,3330,-0.11522722244262695,0.2,2.411520481109619,4058.5419921875,0.0095506525,0.0003,-0.017394432082073762
686080,6,108485,335,9720.394355773926,0.057177734375,-22.924816918373107,3340,-0.039703369140625,0.2,2.4106955528259277,3664.5400390625,0.009408921,0.0003,-0.017371011587238173
688128,6,108665,336,9706.697375488282,0.06494140625,-22.92120662331581,3350,-0.01653611660003662,0.2,2.409484624862671,10204.642578125,0.009482605,0.0003,-0.01842468882277899
690176,6,108841,337,8342.523217010497,0.071923828125,-22.90368850827217,3360,-0.031775712966918945,0.2,2.401571750640869,3432.742431640625,0.009805303,0.0003,-0.019285213403054512
692224,6,109003,338,9824.505129241943,0.09619140625,-22.89205011129379,3370,-0.0225985050201416,0.2,2.4045634269714355,4479.3486328125,0.01239988,0.0003,-0.021887536690337585
694272,6,109164,339,15076.672491455078,0.05205078125,-22.90866564512253,3380,-0.019964218139648438,0.2,2.408602237701416,9500.5185546875,0.008130258,0.0003,-0.017213394479404086
696320,6,109324,340,8036.200710296631,0.065966796875,-22.916530632972716,3390,-0.027214765548706055,0.2,2.4096274375915527,2806.002685546875,0.009420637,0.0003,-0.017975685213605173
698368,6,109486,341,11698.773970031738,0.09189453125,-22.934575080871582,3400,-0.005521655082702637,0.2,2.4164130687713623,5140.6064453125,0.012165432,0.0003,-0.020597351677133703
700416,6,109648,342,12133.431451416016,0.107568359375,-22.959249371290205,3410,0.004093647003173828,0.2,2.421125888824463,6871.294921875,0.01304552,0.0003,-0.024475082238495816
702464,6,109809,343,11927.464390563964,0.142919921875,-22.97443007826805,3420,-0.027389883995056152,0.2,2.425431728363037,4793.19140625,0.01907432,0.0003,-0.023279596986685646
704512,6,109973,344,13943.297169494628,0.173876953125,-22.990934824943544,3430,-0.0112990140914917,0.2,2.4284250736236572,6082.5380859375,0.021318333,0.0003,-0.02826321958200424
706560,6,110134,345,17625.585771179198,0.172998046875,-23.026090455055236,3440,-0.00979149341583252,0.2,2.434920072555542,3309.859375,0.01874362,0.0003,-0.02683437377709197
708608,6,110297,346,15245.986907958984,0.106640625,-23.031248778104782,3450,-0.026447176933288574,0.2,2.4360928535461426,8691.560546875,0.01242766,0.0003,-0.023054912975931076
710656,6,110461,347,23512.960891723633,0.076513671875,-23.047701048851014,3460,-0.018390536308288574,0.2,2.4429001808166504,10642.9072265625,0.0122836605,0.0003,-0.019873104560247157
712704,6,110626,348,18750.30148010254,0.099658203125,-23.08060707449913,3470,-0.02942037582397461,0.2,2.4527852535247803,10547.9013671875,0.012030283,0.0003,-0.021282603610598017
714752,6,110792,349,12082.887982177734,0.09013671875,-23.11357513666153,3480,-0.013762950897216797,0.2,2.460238218307495,8117.408203125,0.013201961,0.0003,-0.019597124753636307
716800,6,110957,350,13141.734585571288,0.064013671875,-23.136080104112626,3490,-0.041956186294555664,0.2,2.4632716178894043,4551.50048828125,0.009630835,0.0003,-0.01591708578998805
718848,6,111124,351,16412.409057617188,0.08173828125,-23.151389008760454,3500,-0.005178093910217285,0.2,2.4672160148620605,6312.66943359375,0.010749828,0.0003,-0.020842333005566614
720896,6,111291,352,14531.764334869385,0.038916015625,-23.162440246343614,3510,-0.06878721714019775,0.2,2.469677209854126,7054.0048828125,0.006562718,0.0003,-0.015373274841113015
722944,6,111478,353,14181.366450500489,0.09638671875,-23.180872869491576,3520,-0.0330352783203125,0.2,2.4779648780822754,13558.3623046875,0.0133735165,0.0003,-0.022382487644790672
724992,6,111670,354,8743.162075805663,0.096875,-23.19142789840698,3530,-0.01773703098297119,0.2,2.4743969440460205,2097.675048828125,0.012617126,0.0003,-0.02119026433065301
727040,6,111863,355,12195.465605926514,0.097802734375,-23.187289410829543,3540,-0.03114902973175049,0.2,2.4765920639038086,6588.71484375,0.014249931,0.0003,-0.01995775036084524
729088,6,112045,356,16997.745275878908,0.073193359375,-23.194582867622376,3550,0.008199572563171387,0.2,2.478720188140869,5542.24951171875,0.008755829,0.0003,-0.018052763828018216
731136,6,112215,357,12363.333319091797,0.052685546875,-23.201821714639664,3560,0.015594542026519775,0.2,2.479813575744629,4779.439453125,0.0084072035,0.0003,-0.01661729118641233
733184,6,112386,358,14503.406088256836,0.01533203125,-23.20474056005478,3570,0.014143109321594238,0.2,2.4800195693969727,7781.373046875,0.0032314418,0.0003,-0.010620415651646908
735232,6,112557,359,10951.356525421143,0.034228515625,-23.215684735774992,3580,-0.06572985649108887,0.2,2.485283374786377,2692.781005859375,0.0063457917,0.0003,-0.01150270177895436
737280,6,112750,360,11401.8884765625,0.049267578125,-23.227772223949433,3590,-0.0027180910110473633,0.2,2.485726833343506,7186.99609375,0.007270854,0.0003,-0.01311563121562358
739328,6,112945,361,12091.40672454834,0.0484375,-23.23116190433502,3600,0.022926807403564453,0.2,2.487109899520874,5609.27587890625,0.0073360805,0.0003,-0.015483600838342682
741376,6,113139,362,12740.327462768555,0.03681640625,-23.234698235988617,3610,0.042022109031677246,0.2,2.4875738620758057,8203.19140625,0.006561491,0.0003,-0.013295610241766554
743424,6,113334,363,14245.74969177246,0.05517578125,-23.240241807699203,3620,0.0639352798461914,0.2,2.4907679557800293,7541.85986328125,0.008217287,0.0003,-0.01640436838788446
745472,6,113513,364,17411.178785705568,0.038330078125,-23.260916435718535,3630,0.029539823532104492,0.2,2.498434066772461,9124.9677734375,0.006477721,0.0003,-0.013317702721542446
747520,6,113697,365,11953.818690490723,0.036865234375,-23.280885475873948,3640,0.06702882051467896,0.2,2.4990200996398926,5798.6103515625,0.0058320854,0.0003,-0.01355577747890493
749568,6,113890,366,14360.717182922363,0.050927734375,-23.285511499643327,3650,0.0733458399772644,0.2,2.5017781257629395,4784.39111328125,0.007956663,0.0003,-0.013715108560427324
751616,6,114083,367,18816.101525878905,0.027001953125,-23.297747987508775,3660,0.188007652759552,0.2,2.504960536956787,10966.78125,0.005165347,0.0003,-0.012795518318307586
753664,6,114278,368,19116.37917327881,0.025048828125,-23.30693789720535,3670,0.19705551862716675,0.2,2.5063958168029785,12089.3134765625,0.004965904,0.0003,-0.011624435275734868
755712,6,114468,369,18435.74995727539,0.037353515625,-23.315545082092285,3680,0.19688117504119873,0.2,2.509214401245117,7619.14404296875,0.0057406095,0.0003,-0.011723395237640943
757760,6,114665,370,12800.024612426758,0.051953125,-23.330535924434663,3690,0.2656581997871399,0.2,2.5141539573669434,3597.74609375,0.007822352,0.0003,-0.016292631170654204
759808,6,114854,371,16038.543492126464,0.032177734375,-23.340258365869524,3700,0.20569688081741333,0.2,2.5147557258605957,6516.28466796875,0.0056853998,0.0003,-0.012283669011958409
761856,6,115044,372,13031.822731018066,0.021533203125,-23.342626571655273,3710,0.0809636116027832,0.2,2.5149452686309814,5405.521484375,0.004093641,0.0003,-0.011463621265284019
763904,6,115234,373,11162.420295715332,0.05234375,-23.35473769903183,3720,0.2580547332763672,0.2,2.520596504211426,7022.958984375,0.0074334196,0.0003,-0.014339769165962935
765952,6,115428,374,12475.534056091308,0.030859375,-23.364875036478043,3730,0.06847178936004639,0.2,2.520869493484497,5541.13671875,0.0055402843,0.0003,-0.009931303079792998
768000,6,115618,375,16787.757849121095,0.035693359375,-23.368550604581834,3740,0.2604295611381531,0.2,2.5221948623657227,7260.51953125,0.005287179,0.0003,-0.012701040940009988
770048,6,115800,376,12365.763401031494,0.03232421875,-23.372767287492753,3750,0.37572747468948364,0.2,2.5219340324401855,8248.228515625,0.005662309,0.0003,-0.012861513430834748
772096,6,115979,377,11634.120548248291,0.025146484375,-23.37570866346359,3760,0.2947154641151428,0.2,2.5239670276641846,7381.96875,0.004168274,0.0003,-0.010161519033135846
774144,6,116159,378,21444.251690673827,0.0234375,-23.387145841121672,3770,0.39757293462753296,0.2,2.5273728370666504,11196.900390625,0.0040433393,0.0003,-0.010056921379873528
776192,6,116339,379,19250.073068237303,0.017724609375,-23.39814398288727,3780,0.16960746049880981,0.2,2.5292458534240723,12603.53515625,0.003745874,0.0003,-0.008651260325859767
778240,6,116520,380,17058.91649169922,0.020166015625,-23.40703895688057,3790,0.4227323532104492,0.2,2.5320334434509277,9154.861328125,0.0040257783,0.0003,-0.01007103281590389
780288,6,116700,381,12241.483506774903,0.027880859375,-23.416886931657793,3800,-0.15472793579101562,0.2,2.534045696258545,8131.37255859375,0.0054193437,0.0003,-0.010851465248561
782336,6,116882,382,17881.054331970216,0.025537109375,-23.423061281442642,3810,0.27937763929367065,0.2,2.5352234840393066,6040.3427734375,0.0047039506,0.0003,-0.011685380434937543
784384,6,117064,383,12893.200073242188,0.0349609375,-23.428326469659805,3820,0.34998172521591187,0.2,2.537557601928711,6084.69189453125,0.0058839396,0.0003,-0.012801395865972153
786432,6,117246,384,11541.013638305663,0.035888671875,-23.428091722726823,3830,0.3106446862220764,0.2,2.535393476486206,3894.02685546875,0.005436375,0.0003,-0.013261724890617188
788480,6,117429,385,13769.96036376953,0.02275390625,-23.426893866062166,3840,0.14944875240325928,0.2,2.5370054244995117,5621.3828125,0.004834945,0.0003,-0.01068450439197477
790528,6,117612,386,14722.21845703125,0.023583984375,-23.431507176160814,3850,0.41785967350006104,0.2,2.5375924110412598,7690.54296875,0.0046046223,0.0003,-0.010339996393304319
792576,6,117796,387,15798.723495483398,0.030224609375,-23.430370050668717,3860,0.35877537727355957,0.2,2.5359256267547607,7489.8134765625,0.005232539,0.0003,-0.011310414830222725
794624,6,117981,388,16688.83429107666,0.027880859375,-23.432201409339903,3870,0.41875720024108887,0.2,2.5390541553497314,7989.41845703125,0.0048338594,0.0003,-0.009633661428233608
796672,6,118165,389,12678.73879623413,0.013623046875,-23.44052706360817,3880,0.07181406021118164,0.2,2.539565324783325,3386.630615234375,0.0033304095,0.0003,-0.0075477095648238905
798720,6,118350,390,21996.351321411134,0.021923828125,-23.441233175992966,3890,0.37598681449890137,0.2,2.539956569671631,9080.5576171875,0.0043951375,0.0003,-0.009087013186945114
800768,6,118535,391,17924.372892761232,0.02431640625,-23.440915715694427,3900,0.3497636318206787,0.2,2.5397307872772217,7159.0400390625,0.00447713,0.0003,-0.010727692049840698
802816,6,118721,392,12800.765660858155,0.0328125,-23.441602373123168,3910,0.17754769325256348,0.2,2.5405585765838623,6402.859375,0.0059202416,0.0003,-0.010928567696828395
804864,6,118906,393,18602.456994628905,0.021923828125,-23.44764119386673,3920,0.18695414066314697,0.2,2.5423619747161865,9958.232421875,0.0040618842,0.0003,-0.01023671010916587
806912,6,119093,394,16665.760873413084,0.0240234375,-23.456536644697188,3930,0.44733595848083496,0.2,2.5447940826416016,8175.8681640625,0.004241259,0.0003,-0.011727501600398682
808960,6,119281,395,14080.05210723877,0.012451171875,-23.46210047006607,3940,0.5226870179176331,0.2,2.545335292816162,3913.7099609375,0.0031569777,0.0003,-0.00757284869760042
811008,6,119469,396,15512.114248657226,0.013623046875,-23.463722437620163,3950,0.39305466413497925,0.2,2.5453176498413086,3707.049560546875,0.003345315,0.0003,-0.009157626210071611
813056,6,119658,397,14502.74227294922,0.01826171875,-23.46535205245018,3960,0.3416363596916199,0.2,2.546470880508423,7319.2568359375,0.003701367,0.0003,-0.009318694825924467
815104,6,119847,398,10952.212983703614,0.018017578125,-23.472825080156326,3970,-0.007567167282104492,0.2,2.5490031242370605,7115.05712890625,0.0039385213,0.0003,-0.009515725405071862
817152,6,120036,399,16248.382666015625,0.017431640625,-23.481871098279953,3980,0.260617733001709,0.2,2.5508456230163574,5074.0439453125,0.0034229378,0.0003,-0.008909986430080608
819200,6,120225,400,16338.083392333985,0.017529296875,-23.487330782413483,3990,0.4434627890586853,0.2,2.551506757736206,7478.5107421875,0.0039778743,0.0003,-0.008360970094508957
821248,6,120414,401,17403.32608795166,0.02763671875,-23.488157373666763,4000,0.46823805570602417,0.2,2.551945209503174,10500.7841796875,0.0046178857,0.0003,-0.011183466996590142
823296,6,120604,402,24675.80168762207,0.01484375,-23.4906609416008,4010,0.4187219738960266,0.2,2.552675485610962,12196.3994140625,0.0033045537,0.0003,-0.008493305306183174
825344,6,120794,403,17449.337939453126,0.01064453125,-23.497305405139922,4020,0.43575650453567505,0.2,2.5548136234283447,8574.4375,0.0026661425,0.0003,-0.007733857626590179
827392,6,120985,404,12660.289041137696,0.024658203125,-23.503790801763536,4030,0.2699558138847351,0.2,2.5565311908721924,9078.109375,0.004709815,0.0003,-0.009928104549908312
829440,6,121176,405,15158.56651763916,0.02587890625,-23.51010236144066,4040,0.2871553897857666,0.2,2.5580639839172363,8089.427734375,0.0047941864,0.0003,-0.010413416102528572
831488,6,121368,406,20422.651248168946,0.014404296875,-23.51767349243164,4050,0.3211457133293152,0.2,2.559718608856201,9392.609375,0.0037313015,0.0003,-0.009328910175827331
833536,6,121560,407,13392.164729309083,0.020654296875,-23.522851866483688,4060,0.4572707414627075,0.2,2.5607781410217285,11398.2626953125,0.0041764067,0.0003,-0.00956504931964446
835584,6,121755,408,16718.883309936522,0.007275390625,-23.523041278123856,4070,0.4254658818244934,0.2,2.5601820945739746,6533.4267578125,0.0024844017,0.0003,-0.006171313721279148
837632,6,121950,409,14030.144236755372,0.009423828125,-23.523157703876496,4080,0.41208356618881226,0.2,2.5610108375549316,9545.4248046875,0.0026607707,0.0003,-0.007353339793189662
839680,6,122146,410,14363.640928649902,0.00693359375,-23.52644764780998,4090,0.3344377875328064,0.2,2.5617294311523438,7160.0771484375,0.002308583,0.0003,-0.006783191142312716
841728,6,122343,411,16654.687588500976,0.01015625,-23.530549710989,4100,0.5512838363647461,0.2,2.562974214553833,4916.60498046875,0.002835548,0.0003,-0.00761881250582519
843776,6,122539,412,14599.656837463379,0.011279296875,-23.536469483375548,4110,0.45313578844070435,0.2,2.564589500427246,13838.6201171875,0.0030397573,0.0003,-0.008338635665131733
845824,6,122737,413,19561.099551391602,0.01025390625,-23.542682629823684,4120,0.45465314388275146,0.2,2.566234827041626,11088.7744140625,0.002307157,0.0003,-0.00710281990468502
847872,6,122935,414,15868.564163208008,0.008154296875,-23.545377266407012,4130,0.5033044219017029,0.2,2.565812110900879,5916.5478515625,0.0027173243,0.0003,-0.007637124390748795
849920,6,123134,415,16677.983409118653,0.006494140625,-23.54435750246048,4140,0.3007885217666626,0.2,2.5657379627227783,7112.29150390625,0.0021289848,0.0003,-0.006669334725302178
851968,6,123330,416,15707.287475585938,0.00986328125,-23.546907526254653,4150,0.4079151153564453,0.2,2.5669193267822266,11572.3291015625,0.002411279,0.0003,-0.007388365887163672
854016,6,123529,417,14169.60906829834,0.00595703125,-23.550733029842377,4160,0.4336022138595581,0.2,2.567324638366699,9419.248046875,0.002128351,0.0003,-0.006358329503564164
856064,6,123729,418,11367.185195922852,0.01005859375,-23.554476940631865,4170,0.3720434308052063,0.2,2.569148302078247,5676.87158203125,0.0033807382,0.0003,-0.008537545309081906
858112,6,123930,419,13840.8325881958,0.009716796875,-23.556522792577745,4180,0.46238452196121216,0.2,2.568294048309326,9017.1904296875,0.0028017028,0.0003,-0.007687581323261838
860160,6,124131,420,14361.296339416504,0.012646484375,-23.55315516591072,4190,0.4958532452583313,0.2,2.5676512718200684,8978.9052734375,0.0030655009,0.0003,-0.008771895033714828
862208,6,124333,421,17869.460216522217,0.010302734375,-23.5545703291893,4200,0.40282607078552246,0.2,2.569159984588623,7974.90966796875,0.0026079242,0.0003,-0.006723293948743958
864256,6,124534,422,10907.635387420654,0.01416015625,-23.55744959115982,4210,0.2574644684791565,0.2,2.568737506866455,5566.8056640625,0.003485688,0.0003,-0.008522317856841256
866304,6,124738,423,16251.387252807617,0.005517578125,-23.55589205622673,4220,0.3251556158065796,0.2,2.568181276321411,8570.02734375,0.0016992094,0.0003,-0.0057947927227360195
868352,6,124943,424,15894.434199523927,0.0130859375,-23.55665530562401,4230,0.376700758934021,0.2,2.5691616535186768,9635.134765625,0.0029253704,0.0003,-0.00723677910209517
870400,6,125149,425,14382.572795104981,0.009765625,-23.56076110005379,4240,0.4654168486595154,0.2,2.5705325603485107,6152.02587890625,0.0028389774,0.0003,-0.008477929279615637
872448,6,125351,426,15438.301168823242,0.013671875,-23.56378416419029,4250,0.4623537063598633,0.2,2.5706191062927246,6701.552734375,0.0035248683,0.0003,-0.0072823407259420495
874496,6,125555,427,14586.911010742188,0.01533203125,-23.56795152425766,4260,0.44679856300354004,0.2,2.572369337081909,3603.604248046875,0.0035201465,0.0003,-0.008335970297048334
876544,6,125760,428,13373.43999786377,0.0099609375,-23.57506093978882,4270,0.47658663988113403,0.2,2.5741114616394043,6369.84228515625,0.0023780493,0.0003,-0.007329528103582561
878592,6,125966,429,13252.13403930664,0.017236328125,-23.579033637046813,4280,0.30932724475860596,0.2,2.574495792388916,6194.115234375,0.003500007,0.0003,-0.010458693898544879
880640,6,126172,430,13912.605966186524,0.01591796875,-23.583750450611113,4290,0.35450685024261475,0.2,2.5760345458984375,9008.6904296875,0.0031716716,0.0003,-0.008233647802262567
882688,6,126373,431,11952.066683959962,0.0173828125,-23.58519098162651,4300,0.2908792495727539,0.2,2.5756382942199707,7124.12353515625,0.0039991764,0.0003,-0.009338930777448694
884736,6,126581,432,14345.827954101562,0.0076171875,-23.585027945041656,4310,0.262184202671051,0.2,2.576620578765869,7284.251953125,0.002095162,0.0003,-0.006044608702359256
886784,6,126790,433,14749.801182556152,0.00751953125,-23.58873693346977,4320,0.3916429877281189,0.2,2.577524423599243,8226.77734375,0.0025059455,0.0003,-0.006929938153189141
888832,6,126999,434,20883.402502441408,0.010595703125,-23.592204993963243,4330,0.5501740574836731,0.2,2.578282117843628,9425.2919921875,0.0029273382,0.0003,-0.008249429523129948
890880,7,127209,435,13755.897486877442,0.007470703125,-23.592816799879074,4340,0.312716007232666,0.2,2.577942371368408,8620.8828125,0.001962589,0.0003,-0.006956014651223086
892928,7,127419,436,14245.156672668458,0.006005859375,-23.591885060071945,4350,0.5425624251365662,0.2,2.5778164863586426,4952.14599609375,0.002246391,0.0003,-0.006692368911899393
894976,7,127630,437,17860.98285064697,0.00498046875,-23.59431712627411,4360,0.4614607095718384,0.2,2.578813076019287,9755.5927734375,0.0016984087,0.0003,-0.005790967054781504
897024,7,127841,438,16075.881472778321,0.01103515625,-23.600500923395156,4370,0.47457075119018555,0.2,2.5806517601013184,8555.123046875,0.002917219,0.0003,-0.007223065573634812
899072,7,128052,439,15205.48462524414,0.00390625,-23.605032789707185,4380,0.4163452982902527,0.2,2.581268787384033,6840.59814453125,0.0017102679,0.0003,-0.0060376610526873264
901120,7,128264,440,14579.7161529541,0.011181640625,-23.611158353090286,4390,0.507540225982666,0.2,2.583491563796997,9812.654296875,0.0030480097,0.0003,-0.0073289827974804215
903168,7,128479,441,14979.20580368042,0.0095703125,-23.6190204679966,4400,0.2388022541999817,0.2,2.58516001701355,9051.4052734375,0.0024717406,0.0003,-0.0076458076626295226
905216,7,128693,442,15918.869099426269,0.014794921875,-23.6264947116375,4410,0.5886895656585693,0.2,2.58754825592041,6812.1982421875,0.0029668082,0.0003,-0.00856608956528362
907264,7,128905,443,17588.33527832031,0.004931640625,-23.631563985347746,4420,0.3700442910194397,0.2,2.5880444049835205,10480.337890625,0.0014966892,0.0003,-0.005457288536126726
909312,7,129117,444,19399.409857177736,0.002734375,-23.63542022705078,4430,0.2943572998046875,0.2,2.5896706581115723,10454.2890625,0.0012872177,0.0003,-0.005102396339498228
911360,7,129331,445,16892.371247863768,0.006396484375,-23.642396724224092,4440,0.32574892044067383,0.2,2.5917768478393555,6186.0947265625,0.0020768042,0.0003,-0.006940546848636586
913408,7,129546,446,11858.233389282226,0.004296875,-23.649554979801177,4450,0.3257278800010681,0.2,2.5933120250701904,2953.888427734375,0.0014695494,0.0003,-0.0048140947254069035
915456,7,129759,447,17532.025901794434,0.00634765625,-23.65436987876892,4460,0.4704478979110718,0.2,2.594357967376709,3205.178955078125,0.001963298,0.0003,-0.006122672993660672
917504,7,129976,448,20486.87561340332,0.0044921875,-23.65617218017578,4470,0.36671143770217896,0.2,2.594383955001831,12756.369140625,0.0015932262,0.0003,-0.005305209288053447
919552,7,130193,449,12211.283241271973,0.012060546875,-23.660046046972276,4480,-0.19965887069702148,0.2,2.5963521003723145,6802.12109375,0.0028833295,0.0003,-0.007261657786875731
921600,7,130410,450,9988.853114318848,0.019677734375,-23.66619817018509,4490,0.03973102569580078,0.2,2.597747802734375,8093.50830078125,0.0046100067,0.0003,-0.010797480115434155
923648,7,130627,451,13337.990441894532,0.004736328125,-23.670536720752715,4500,0.46826881170272827,0.2,2.598726511001587,7686.41650390625,0.0019118914,0.0003,-0.006070372436442995
925696,7,130846,452,14855.644250488282,0.0021484375,-23.674942421913148,4510,0.49040210247039795,0.2,2.6006221771240234,7609.81103515625,0.0013467356,0.0003,-0.004901875250652665
927744,7,131065,453,11314.157721710206,0.00361328125,-23.68165561556816,4520,0.3425214886665344,0.2,2.6024158000946045,5481.7841796875,0.0014811652,0.0003,-0.005607864177727606
929792,7,131284,454,16478.64620361328,0.009765625,-23.687226915359496,4530,0.5898943245410919,0.2,2.6033287048339844,16776.5390625,0.0028690714,0.0003,-0.008079333229397889
931840,7,131504,455,21490.424084472656,0.002294921875,-23.69160835146904,4540,0.46494483947753906,0.2,2.6046361923217773,7705.42724609375,0.0011358222,0.0003,-0.004775563744624378
933888,7,131724,456,15240.73543548584,0.0095703125,-23.69527956843376,4550,0.5598283112049103,0.2,2.6052463054656982,4632.1337890625,0.0028788697,0.0003,-0.00746822735745809
935936,7,131947,457,13972.176383972168,0.007373046875,-23.697663217782974,4560,0.28366851806640625,0.2,2.6057238578796387,4684.5078125,0.001937239,0.0003,-0.006369873569201445
937984,7,132168,458,17545.490000915528,0.0060546875,-23.701131105422974,4570,0.6056960821151733,0.2,2.6069252490997314,10349.84765625,0.0018171903,0.0003,-0.006355551779779489
940032,7,132388,459,16219.901657104492,0.007421875,-23.705648165941238,4580,0.5969800353050232,0.2,2.6075682640075684,10558.1611328125,0.0021336384,0.0003,-0.006834439734666376
942080,7,132609,460,14369.163679504394,0.008447265625,-23.707878404855727,4590,0.529403418302536,0.2,2.608102321624756,10945.7294921875,0.0023827036,0.0003,-0.006241719980607741
944128,7,132830,461,15913.18519744873,0.006591796875,-23.7094849050045,4600,0.36988162994384766,0.2,2.6082940101623535,10514.3388671875,0.0021618786,0.0003,-0.0063902557361871
946176,7,133052,462,20058.017541503905,0.00283203125,-23.709394705295562,4610,0.4053608775138855,0.2,2.60800838470459,12774.126953125,0.0011697261,0.0003,-0.004363763789297081
948224,7,133275,463,14282.794117736816,0.00419921875,-23.7103695333004,4620,0.23671972751617432,0.2,2.608769655227661,5039.66162109375,0.0017123756,0.0003,-0.004600362100609346
950272,7,133501,464,11982.848913574218,0.010791015625,-23.71347219944,4630,0.32883453369140625,0.2,2.6094844341278076,3284.79833984375,0.00289498,0.0003,-0.007301257074141176
952320,7,133725,465,17762.525485229493,0.00341796875,-23.71622402071953,4640,0.48916542530059814,0.2,2.6101722717285156,7509.44482421875,0.0013694789,0.0003,-0.0049434676846431104
954368,7,133950,466,10775.699947357178,0.006689453125,-23.72034797668457,4650,0.3481596112251282,0.2,2.611365795135498,5373.29541015625,0.0020930045,0.0003,-0.007999721390660852
956416,7,134176,467,14480.116871643066,0.004443359375,-23.721830290555953,4660,0.18401819467544556,0.2,2.611240863800049,4465.318359375,0.0017025168,0.0003,-0.0052176149896695275
958464,7,134403,468,18017.645623779295,0.0140625,-23.722794860601425,4670,0.38397330045700073,0.2,2.611509323120117,8031.72509765625,0.0028473842,0.0003,-0.00853046642296249
960512,7,134629,469,16059.192533874511,0.0041015625,-23.72440087199211,4680,0.5183436274528503,0.2,2.612292766571045,5005.13623046875,0.0016522289,0.0003,-0.005625791909551481
962560,7,134857,470,16942.588119506836,0.001318359375,-23.72585483789444,4690,0.27689826488494873,0.2,2.612274646759033,8876.046875,0.001042251,0.0003,-0.004058048052684171
964608,7,135084,471,10539.521307373047,0.015625,-23.727308160066606,4700,0.20086586475372314,0.2,2.6129307746887207,3972.10205078125,0.0031149313,0.0003,-0.007886969317041803
966656,7,135308,472,8615.527033996583,0.0140625,-23.73222776055336,4710,0.47728657722473145,0.2,2.614518165588379,2660.857666015625,0.0029408722,0.0003,-0.007473659222887364
968704,7,135536,473,12076.805432128906,0.004638671875,-23.736118119955062,4720,0.46459728479385376,0.2,2.615156650543213,4793.2431640625,0.0016275226,0.0003,-0.006394706193532329
970752,7,135767,474,12780.184785461426,0.004052734375,-23.73599953055382,4730,0.5784682333469391,0.2,2.6143534183502197,4142.4013671875,0.0017276721,0.0003,-0.0056299924581253435
972800,7,135996,475,16909.08735961914,0.003076171875,-23.734146696329116,4740,0.3371899724006653,0.2,2.6144628524780273,8673.96875,0.0013329921,0.0003,-0.0052043874398805205
974848,7,136227,476,16855.593086242676,0.009375,-23.735461437702178,4750,0.3992273211479187,0.2,2.6149444580078125,7723.84326171875,0.002428365,0.0003,-0.007129826481832424
976896,7,136458,477,14245.35576171875,0.00361328125,-23.739003252983093,4760,0.4648628830909729,0.2,2.6162967681884766,5536.228515625,0.0014482349,0.0003,-0.004495474080613349
978944,7,136690,478,16599.764707183836,0.004248046875,-23.742701137065886,4770,0.38906002044677734,0.2,2.616549015045166,5661.9482421875,0.0016013255,0.0003,-0.005281749873392983
980992,7,136921,479,13086.086491394042,0.003515625,-23.745338249206544,4780,0.45303499698638916,0.2,2.617561101913452,5965.486328125,0.001376004,0.0003,-0.005270662277325755
983040,7,137153,480,15784.560005187988,0.008349609375,-23.748732697963714,4790,0.44229525327682495,0.2,2.6181790828704834,6432.896484375,0.0020403657,0.0003,-0.007128289696993306
985088,7,137385,481,18441.161375427248,0.00185546875,-23.750417006015777,4800,0.3491247296333313,0.2,2.6185250282287598,10327.033203125,0.0011360226,0.0003,-0.00476786575090955
987136,7,137618,482,13901.715132141113,0.012451171875,-23.752053076028822,4810,0.5845550894737244,0.2,2.6186938285827637,10546.44140625,0.002765042,0.0003,-0.007978737531084334
989184,7,137850,483,15072.191137695312,0.008837890625,-23.752750343084337,4820,0.520727813243866,0.2,2.618978977203369,9723.62109375,0.0023098402,0.0003,-0.007348316798379528
991232,7,138085,484,14862.514414978028,0.004931640625,-23.753950434923173,4830,0.45764482021331787,0.2,2.619687080383301,6207.45068359375,0.001788335,0.0003,-0.005690678468090482
993280,7,138319,485,12942.755634307861,0.002294921875,-23.75485816001892,4840,0.35609930753707886,0.2,2.619347333908081,4973.36572265625,0.0011309471,0.0003,-0.004487956557204598
995328,7,138553,486,14641.74526977539,0.002734375,-23.754067438840867,4850,0.552873283624649,0.2,2.6195342540740967,7942.82568359375,0.0014423025,0.0003,-0.005740510483883554
997376,7,138789,487,10386.714935302734,0.00439453125,-23.756423085927963,4860,0.3483176827430725,0.2,2.6203529834747314,3520.33544921875,0.0015403467,0.0003,-0.00566585481792572
999424,7,139025,488,18371.23692474365,0.00126953125,-23.75834009051323,4870,0.41863828897476196,0.2,2.620539426803589,13543.6279296875,0.00082098716,0.0003,-0.0036832523175689856
1001472,7,139263,489,12683.039813232423,0.00498046875,-23.75905727148056,4880,0.429054319858551,0.2,2.6209347248077393,5498.724609375,0.0018266189,0.0003,-0.005778881316655315
